lr-AdamW,step,nlvr2/train/loss,nlvr2/train/accuracy,val/the_metric,epoch,nlvr2/val/accuracy_epoch,nlvr2/val/loss_epoch,nlvr2/train/accuracy_epoch,nlvr2/train/loss_epoch,train/the_metric
0.0001,9,,,,,,,,,
0.0001,9,,,,,,,,,
0.0001,9,,,,,,,,,
0.0001,9,,,,,,,,,
0.0001,9,,,,,,,,,
0.0001,9,,,,,,,,,
0.0001,9,,,,,,,,,
0.0001,9,,,,,,,,,
0.0001,9,,,,,,,,,
0.0001,9,,,,,,,,,
0.0001,9,,,,,,,,,
0.0001,9,,,,,,,,,
0.0001,9,,,,,,,,,
0.0001,9,,,,,,,,,
0.0001,9,,,,,,,,,
0.0001,9,,,,,,,,,
,9,0.698490560054779,0.5625,0.698490560054779,0,,,,,
0.0001,19,,,,,,,,,
0.0001,19,,,,,,,,,
0.0001,19,,,,,,,,,
0.0001,19,,,,,,,,,
0.0001,19,,,,,,,,,
0.0001,19,,,,,,,,,
0.0001,19,,,,,,,,,
0.0001,19,,,,,,,,,
0.0001,19,,,,,,,,,
0.0001,19,,,,,,,,,
0.0001,19,,,,,,,,,
0.0001,19,,,,,,,,,
0.0001,19,,,,,,,,,
0.0001,19,,,,,,,,,
0.0001,19,,,,,,,,,
0.0001,19,,,,,,,,,
,19,0.7506956458091736,0.375,0.7506956458091736,0,,,,,
0.0001,29,,,,,,,,,
0.0001,29,,,,,,,,,
0.0001,29,,,,,,,,,
0.0001,29,,,,,,,,,
0.0001,29,,,,,,,,,
0.0001,29,,,,,,,,,
0.0001,29,,,,,,,,,
0.0001,29,,,,,,,,,
0.0001,29,,,,,,,,,
0.0001,29,,,,,,,,,
0.0001,29,,,,,,,,,
0.0001,29,,,,,,,,,
0.0001,29,,,,,,,,,
0.0001,29,,,,,,,,,
0.0001,29,,,,,,,,,
0.0001,29,,,,,,,,,
,29,0.6734524965286255,0.625,0.6734524965286255,0,,,,,
0.0001,39,,,,,,,,,
0.0001,39,,,,,,,,,
0.0001,39,,,,,,,,,
0.0001,39,,,,,,,,,
0.0001,39,,,,,,,,,
0.0001,39,,,,,,,,,
0.0001,39,,,,,,,,,
0.0001,39,,,,,,,,,
0.0001,39,,,,,,,,,
0.0001,39,,,,,,,,,
0.0001,39,,,,,,,,,
0.0001,39,,,,,,,,,
0.0001,39,,,,,,,,,
0.0001,39,,,,,,,,,
0.0001,39,,,,,,,,,
0.0001,39,,,,,,,,,
,39,0.7069264650344849,0.375,0.7069264650344849,0,,,,,
0.0001,49,,,,,,,,,
0.0001,49,,,,,,,,,
0.0001,49,,,,,,,,,
0.0001,49,,,,,,,,,
0.0001,49,,,,,,,,,
0.0001,49,,,,,,,,,
0.0001,49,,,,,,,,,
0.0001,49,,,,,,,,,
0.0001,49,,,,,,,,,
0.0001,49,,,,,,,,,
0.0001,49,,,,,,,,,
0.0001,49,,,,,,,,,
0.0001,49,,,,,,,,,
0.0001,49,,,,,,,,,
0.0001,49,,,,,,,,,
0.0001,49,,,,,,,,,
,49,0.6626025438308716,0.6875,0.6626025438308716,0,,,,,
0.0001,59,,,,,,,,,
0.0001,59,,,,,,,,,
0.0001,59,,,,,,,,,
0.0001,59,,,,,,,,,
0.0001,59,,,,,,,,,
0.0001,59,,,,,,,,,
0.0001,59,,,,,,,,,
0.0001,59,,,,,,,,,
0.0001,59,,,,,,,,,
0.0001,59,,,,,,,,,
0.0001,59,,,,,,,,,
0.0001,59,,,,,,,,,
0.0001,59,,,,,,,,,
0.0001,59,,,,,,,,,
0.0001,59,,,,,,,,,
0.0001,59,,,,,,,,,
,59,0.6754838228225708,0.6875,0.6754838228225708,0,,,,,
0.0001,69,,,,,,,,,
0.0001,69,,,,,,,,,
0.0001,69,,,,,,,,,
0.0001,69,,,,,,,,,
0.0001,69,,,,,,,,,
0.0001,69,,,,,,,,,
0.0001,69,,,,,,,,,
0.0001,69,,,,,,,,,
0.0001,69,,,,,,,,,
0.0001,69,,,,,,,,,
0.0001,69,,,,,,,,,
0.0001,69,,,,,,,,,
0.0001,69,,,,,,,,,
0.0001,69,,,,,,,,,
0.0001,69,,,,,,,,,
0.0001,69,,,,,,,,,
,69,0.6618190407752991,0.6875,0.6618190407752991,0,,,,,
0.0001,79,,,,,,,,,
0.0001,79,,,,,,,,,
0.0001,79,,,,,,,,,
0.0001,79,,,,,,,,,
0.0001,79,,,,,,,,,
0.0001,79,,,,,,,,,
0.0001,79,,,,,,,,,
0.0001,79,,,,,,,,,
0.0001,79,,,,,,,,,
0.0001,79,,,,,,,,,
0.0001,79,,,,,,,,,
0.0001,79,,,,,,,,,
0.0001,79,,,,,,,,,
0.0001,79,,,,,,,,,
0.0001,79,,,,,,,,,
0.0001,79,,,,,,,,,
,79,0.7190159559249878,0.375,0.7190159559249878,0,,,,,
0.0001,89,,,,,,,,,
0.0001,89,,,,,,,,,
0.0001,89,,,,,,,,,
0.0001,89,,,,,,,,,
0.0001,89,,,,,,,,,
0.0001,89,,,,,,,,,
0.0001,89,,,,,,,,,
0.0001,89,,,,,,,,,
0.0001,89,,,,,,,,,
0.0001,89,,,,,,,,,
0.0001,89,,,,,,,,,
0.0001,89,,,,,,,,,
0.0001,89,,,,,,,,,
0.0001,89,,,,,,,,,
0.0001,89,,,,,,,,,
0.0001,89,,,,,,,,,
,89,0.7575717568397522,0.3125,0.7575717568397522,0,,,,,
0.0001,99,,,,,,,,,
0.0001,99,,,,,,,,,
0.0001,99,,,,,,,,,
0.0001,99,,,,,,,,,
0.0001,99,,,,,,,,,
0.0001,99,,,,,,,,,
0.0001,99,,,,,,,,,
0.0001,99,,,,,,,,,
0.0001,99,,,,,,,,,
0.0001,99,,,,,,,,,
0.0001,99,,,,,,,,,
0.0001,99,,,,,,,,,
0.0001,99,,,,,,,,,
0.0001,99,,,,,,,,,
0.0001,99,,,,,,,,,
0.0001,99,,,,,,,,,
,99,0.7092576622962952,0.375,0.7092576622962952,0,,,,,
0.0001,109,,,,,,,,,
0.0001,109,,,,,,,,,
0.0001,109,,,,,,,,,
0.0001,109,,,,,,,,,
0.0001,109,,,,,,,,,
0.0001,109,,,,,,,,,
0.0001,109,,,,,,,,,
0.0001,109,,,,,,,,,
0.0001,109,,,,,,,,,
0.0001,109,,,,,,,,,
0.0001,109,,,,,,,,,
0.0001,109,,,,,,,,,
0.0001,109,,,,,,,,,
0.0001,109,,,,,,,,,
0.0001,109,,,,,,,,,
0.0001,109,,,,,,,,,
,109,0.7092857956886292,0.4375,0.7092857956886292,0,,,,,
0.0001,119,,,,,,,,,
0.0001,119,,,,,,,,,
0.0001,119,,,,,,,,,
0.0001,119,,,,,,,,,
0.0001,119,,,,,,,,,
0.0001,119,,,,,,,,,
0.0001,119,,,,,,,,,
0.0001,119,,,,,,,,,
0.0001,119,,,,,,,,,
0.0001,119,,,,,,,,,
0.0001,119,,,,,,,,,
0.0001,119,,,,,,,,,
0.0001,119,,,,,,,,,
0.0001,119,,,,,,,,,
0.0001,119,,,,,,,,,
0.0001,119,,,,,,,,,
,119,0.7469878196716309,0.3125,0.7469878196716309,0,,,,,
0.0001,129,,,,,,,,,
0.0001,129,,,,,,,,,
0.0001,129,,,,,,,,,
0.0001,129,,,,,,,,,
0.0001,129,,,,,,,,,
0.0001,129,,,,,,,,,
0.0001,129,,,,,,,,,
0.0001,129,,,,,,,,,
0.0001,129,,,,,,,,,
0.0001,129,,,,,,,,,
0.0001,129,,,,,,,,,
0.0001,129,,,,,,,,,
0.0001,129,,,,,,,,,
0.0001,129,,,,,,,,,
0.0001,129,,,,,,,,,
0.0001,129,,,,,,,,,
,129,0.6926921010017395,0.6875,0.6926921010017395,0,,,,,
0.0001,139,,,,,,,,,
0.0001,139,,,,,,,,,
0.0001,139,,,,,,,,,
0.0001,139,,,,,,,,,
0.0001,139,,,,,,,,,
0.0001,139,,,,,,,,,
0.0001,139,,,,,,,,,
0.0001,139,,,,,,,,,
0.0001,139,,,,,,,,,
0.0001,139,,,,,,,,,
0.0001,139,,,,,,,,,
0.0001,139,,,,,,,,,
0.0001,139,,,,,,,,,
0.0001,139,,,,,,,,,
0.0001,139,,,,,,,,,
0.0001,139,,,,,,,,,
,139,0.7092406749725342,0.3125,0.7092406749725342,0,,,,,
0.0001,149,,,,,,,,,
0.0001,149,,,,,,,,,
0.0001,149,,,,,,,,,
0.0001,149,,,,,,,,,
0.0001,149,,,,,,,,,
0.0001,149,,,,,,,,,
0.0001,149,,,,,,,,,
0.0001,149,,,,,,,,,
0.0001,149,,,,,,,,,
0.0001,149,,,,,,,,,
0.0001,149,,,,,,,,,
0.0001,149,,,,,,,,,
0.0001,149,,,,,,,,,
0.0001,149,,,,,,,,,
0.0001,149,,,,,,,,,
0.0001,149,,,,,,,,,
,149,0.6877304911613464,0.5625,0.6877304911613464,0,,,,,
0.0001,159,,,,,,,,,
0.0001,159,,,,,,,,,
0.0001,159,,,,,,,,,
0.0001,159,,,,,,,,,
0.0001,159,,,,,,,,,
0.0001,159,,,,,,,,,
0.0001,159,,,,,,,,,
0.0001,159,,,,,,,,,
0.0001,159,,,,,,,,,
0.0001,159,,,,,,,,,
0.0001,159,,,,,,,,,
0.0001,159,,,,,,,,,
0.0001,159,,,,,,,,,
0.0001,159,,,,,,,,,
0.0001,159,,,,,,,,,
0.0001,159,,,,,,,,,
,159,0.6933721899986267,0.5625,0.6933721899986267,0,,,,,
0.0001,169,,,,,,,,,
0.0001,169,,,,,,,,,
0.0001,169,,,,,,,,,
0.0001,169,,,,,,,,,
0.0001,169,,,,,,,,,
0.0001,169,,,,,,,,,
0.0001,169,,,,,,,,,
0.0001,169,,,,,,,,,
0.0001,169,,,,,,,,,
0.0001,169,,,,,,,,,
0.0001,169,,,,,,,,,
0.0001,169,,,,,,,,,
0.0001,169,,,,,,,,,
0.0001,169,,,,,,,,,
0.0001,169,,,,,,,,,
0.0001,169,,,,,,,,,
,169,0.6969316005706787,0.5,0.6969316005706787,0,,,,,
0.0001,179,,,,,,,,,
0.0001,179,,,,,,,,,
0.0001,179,,,,,,,,,
0.0001,179,,,,,,,,,
0.0001,179,,,,,,,,,
0.0001,179,,,,,,,,,
0.0001,179,,,,,,,,,
0.0001,179,,,,,,,,,
0.0001,179,,,,,,,,,
0.0001,179,,,,,,,,,
0.0001,179,,,,,,,,,
0.0001,179,,,,,,,,,
0.0001,179,,,,,,,,,
0.0001,179,,,,,,,,,
0.0001,179,,,,,,,,,
0.0001,179,,,,,,,,,
,179,0.7140323519706726,0.3125,0.7140323519706726,0,,,,,
0.0001,189,,,,,,,,,
0.0001,189,,,,,,,,,
0.0001,189,,,,,,,,,
0.0001,189,,,,,,,,,
0.0001,189,,,,,,,,,
0.0001,189,,,,,,,,,
0.0001,189,,,,,,,,,
0.0001,189,,,,,,,,,
0.0001,189,,,,,,,,,
0.0001,189,,,,,,,,,
0.0001,189,,,,,,,,,
0.0001,189,,,,,,,,,
0.0001,189,,,,,,,,,
0.0001,189,,,,,,,,,
0.0001,189,,,,,,,,,
0.0001,189,,,,,,,,,
,189,0.6900051236152649,0.5625,0.6900051236152649,0,,,,,
0.0001,199,,,,,,,,,
0.0001,199,,,,,,,,,
0.0001,199,,,,,,,,,
0.0001,199,,,,,,,,,
0.0001,199,,,,,,,,,
0.0001,199,,,,,,,,,
0.0001,199,,,,,,,,,
0.0001,199,,,,,,,,,
0.0001,199,,,,,,,,,
0.0001,199,,,,,,,,,
0.0001,199,,,,,,,,,
0.0001,199,,,,,,,,,
0.0001,199,,,,,,,,,
0.0001,199,,,,,,,,,
0.0001,199,,,,,,,,,
0.0001,199,,,,,,,,,
,199,0.6948434114456177,0.5,0.6948434114456177,0,,,,,
0.0001,209,,,,,,,,,
0.0001,209,,,,,,,,,
0.0001,209,,,,,,,,,
0.0001,209,,,,,,,,,
0.0001,209,,,,,,,,,
0.0001,209,,,,,,,,,
0.0001,209,,,,,,,,,
0.0001,209,,,,,,,,,
0.0001,209,,,,,,,,,
0.0001,209,,,,,,,,,
0.0001,209,,,,,,,,,
0.0001,209,,,,,,,,,
0.0001,209,,,,,,,,,
0.0001,209,,,,,,,,,
0.0001,209,,,,,,,,,
0.0001,209,,,,,,,,,
,209,0.6861413717269897,0.5625,0.6861413717269897,0,,,,,
0.0001,219,,,,,,,,,
0.0001,219,,,,,,,,,
0.0001,219,,,,,,,,,
0.0001,219,,,,,,,,,
0.0001,219,,,,,,,,,
0.0001,219,,,,,,,,,
0.0001,219,,,,,,,,,
0.0001,219,,,,,,,,,
0.0001,219,,,,,,,,,
0.0001,219,,,,,,,,,
0.0001,219,,,,,,,,,
0.0001,219,,,,,,,,,
0.0001,219,,,,,,,,,
0.0001,219,,,,,,,,,
0.0001,219,,,,,,,,,
0.0001,219,,,,,,,,,
,219,0.6770321130752563,0.625,0.6770321130752563,0,,,,,
0.0001,229,,,,,,,,,
0.0001,229,,,,,,,,,
0.0001,229,,,,,,,,,
0.0001,229,,,,,,,,,
0.0001,229,,,,,,,,,
0.0001,229,,,,,,,,,
0.0001,229,,,,,,,,,
0.0001,229,,,,,,,,,
0.0001,229,,,,,,,,,
0.0001,229,,,,,,,,,
0.0001,229,,,,,,,,,
0.0001,229,,,,,,,,,
0.0001,229,,,,,,,,,
0.0001,229,,,,,,,,,
0.0001,229,,,,,,,,,
0.0001,229,,,,,,,,,
,229,0.6881942749023438,0.5625,0.6881942749023438,0,,,,,
0.0001,239,,,,,,,,,
0.0001,239,,,,,,,,,
0.0001,239,,,,,,,,,
0.0001,239,,,,,,,,,
0.0001,239,,,,,,,,,
0.0001,239,,,,,,,,,
0.0001,239,,,,,,,,,
0.0001,239,,,,,,,,,
0.0001,239,,,,,,,,,
0.0001,239,,,,,,,,,
0.0001,239,,,,,,,,,
0.0001,239,,,,,,,,,
0.0001,239,,,,,,,,,
0.0001,239,,,,,,,,,
0.0001,239,,,,,,,,,
0.0001,239,,,,,,,,,
,239,0.6965095400810242,0.5,0.6965095400810242,0,,,,,
0.0001,249,,,,,,,,,
0.0001,249,,,,,,,,,
0.0001,249,,,,,,,,,
0.0001,249,,,,,,,,,
0.0001,249,,,,,,,,,
0.0001,249,,,,,,,,,
0.0001,249,,,,,,,,,
0.0001,249,,,,,,,,,
0.0001,249,,,,,,,,,
0.0001,249,,,,,,,,,
0.0001,249,,,,,,,,,
0.0001,249,,,,,,,,,
0.0001,249,,,,,,,,,
0.0001,249,,,,,,,,,
0.0001,249,,,,,,,,,
0.0001,249,,,,,,,,,
,249,0.6958048939704895,0.5,0.6958048939704895,0,,,,,
0.0001,259,,,,,,,,,
0.0001,259,,,,,,,,,
0.0001,259,,,,,,,,,
0.0001,259,,,,,,,,,
0.0001,259,,,,,,,,,
0.0001,259,,,,,,,,,
0.0001,259,,,,,,,,,
0.0001,259,,,,,,,,,
0.0001,259,,,,,,,,,
0.0001,259,,,,,,,,,
0.0001,259,,,,,,,,,
0.0001,259,,,,,,,,,
0.0001,259,,,,,,,,,
0.0001,259,,,,,,,,,
0.0001,259,,,,,,,,,
0.0001,259,,,,,,,,,
,259,0.6950087547302246,0.4375,0.6950087547302246,0,,,,,
0.0001,269,,,,,,,,,
0.0001,269,,,,,,,,,
0.0001,269,,,,,,,,,
0.0001,269,,,,,,,,,
0.0001,269,,,,,,,,,
0.0001,269,,,,,,,,,
0.0001,269,,,,,,,,,
0.0001,269,,,,,,,,,
0.0001,269,,,,,,,,,
0.0001,269,,,,,,,,,
0.0001,269,,,,,,,,,
0.0001,269,,,,,,,,,
0.0001,269,,,,,,,,,
0.0001,269,,,,,,,,,
0.0001,269,,,,,,,,,
0.0001,269,,,,,,,,,
,269,0.693228542804718,0.5,0.693228542804718,0,,,,,
0.0001,279,,,,,,,,,
0.0001,279,,,,,,,,,
0.0001,279,,,,,,,,,
0.0001,279,,,,,,,,,
0.0001,279,,,,,,,,,
0.0001,279,,,,,,,,,
0.0001,279,,,,,,,,,
0.0001,279,,,,,,,,,
0.0001,279,,,,,,,,,
0.0001,279,,,,,,,,,
0.0001,279,,,,,,,,,
0.0001,279,,,,,,,,,
0.0001,279,,,,,,,,,
0.0001,279,,,,,,,,,
0.0001,279,,,,,,,,,
0.0001,279,,,,,,,,,
,279,0.6944901943206787,0.4375,0.6944901943206787,0,,,,,
0.0001,289,,,,,,,,,
0.0001,289,,,,,,,,,
0.0001,289,,,,,,,,,
0.0001,289,,,,,,,,,
0.0001,289,,,,,,,,,
0.0001,289,,,,,,,,,
0.0001,289,,,,,,,,,
0.0001,289,,,,,,,,,
0.0001,289,,,,,,,,,
0.0001,289,,,,,,,,,
0.0001,289,,,,,,,,,
0.0001,289,,,,,,,,,
0.0001,289,,,,,,,,,
0.0001,289,,,,,,,,,
0.0001,289,,,,,,,,,
0.0001,289,,,,,,,,,
,289,0.6866306066513062,0.5625,0.6866306066513062,0,,,,,
0.0001,299,,,,,,,,,
0.0001,299,,,,,,,,,
0.0001,299,,,,,,,,,
0.0001,299,,,,,,,,,
0.0001,299,,,,,,,,,
0.0001,299,,,,,,,,,
0.0001,299,,,,,,,,,
0.0001,299,,,,,,,,,
0.0001,299,,,,,,,,,
0.0001,299,,,,,,,,,
0.0001,299,,,,,,,,,
0.0001,299,,,,,,,,,
0.0001,299,,,,,,,,,
0.0001,299,,,,,,,,,
0.0001,299,,,,,,,,,
0.0001,299,,,,,,,,,
,299,0.7039781808853149,0.4375,0.7039781808853149,0,,,,,
0.0001,309,,,,,,,,,
0.0001,309,,,,,,,,,
0.0001,309,,,,,,,,,
0.0001,309,,,,,,,,,
0.0001,309,,,,,,,,,
0.0001,309,,,,,,,,,
0.0001,309,,,,,,,,,
0.0001,309,,,,,,,,,
0.0001,309,,,,,,,,,
0.0001,309,,,,,,,,,
0.0001,309,,,,,,,,,
0.0001,309,,,,,,,,,
0.0001,309,,,,,,,,,
0.0001,309,,,,,,,,,
0.0001,309,,,,,,,,,
0.0001,309,,,,,,,,,
,309,0.6891301870346069,0.5625,0.6891301870346069,0,,,,,
0.0001,319,,,,,,,,,
0.0001,319,,,,,,,,,
0.0001,319,,,,,,,,,
0.0001,319,,,,,,,,,
0.0001,319,,,,,,,,,
0.0001,319,,,,,,,,,
0.0001,319,,,,,,,,,
0.0001,319,,,,,,,,,
0.0001,319,,,,,,,,,
0.0001,319,,,,,,,,,
0.0001,319,,,,,,,,,
0.0001,319,,,,,,,,,
0.0001,319,,,,,,,,,
0.0001,319,,,,,,,,,
0.0001,319,,,,,,,,,
0.0001,319,,,,,,,,,
,319,0.6891602277755737,0.5625,0.6891602277755737,0,,,,,
0.0001,329,,,,,,,,,
0.0001,329,,,,,,,,,
0.0001,329,,,,,,,,,
0.0001,329,,,,,,,,,
0.0001,329,,,,,,,,,
0.0001,329,,,,,,,,,
0.0001,329,,,,,,,,,
0.0001,329,,,,,,,,,
0.0001,329,,,,,,,,,
0.0001,329,,,,,,,,,
0.0001,329,,,,,,,,,
0.0001,329,,,,,,,,,
0.0001,329,,,,,,,,,
0.0001,329,,,,,,,,,
0.0001,329,,,,,,,,,
0.0001,329,,,,,,,,,
,329,0.7057780027389526,0.4375,0.7057780027389526,0,,,,,
,337,,,nan,0,nan,nan,,,
,337,,,,0,,,0.5045673847198486,0.6997336149215698,0.5045673847198486
0.0001,339,,,,,,,,,
0.0001,339,,,,,,,,,
0.0001,339,,,,,,,,,
0.0001,339,,,,,,,,,
0.0001,339,,,,,,,,,
0.0001,339,,,,,,,,,
0.0001,339,,,,,,,,,
0.0001,339,,,,,,,,,
0.0001,339,,,,,,,,,
0.0001,339,,,,,,,,,
0.0001,339,,,,,,,,,
0.0001,339,,,,,,,,,
0.0001,339,,,,,,,,,
0.0001,339,,,,,,,,,
0.0001,339,,,,,,,,,
0.0001,339,,,,,,,,,
,339,0.7093030214309692,0.3125,0.7093030214309692,1,,,,,
0.0001,349,,,,,,,,,
0.0001,349,,,,,,,,,
0.0001,349,,,,,,,,,
0.0001,349,,,,,,,,,
0.0001,349,,,,,,,,,
0.0001,349,,,,,,,,,
0.0001,349,,,,,,,,,
0.0001,349,,,,,,,,,
0.0001,349,,,,,,,,,
0.0001,349,,,,,,,,,
0.0001,349,,,,,,,,,
0.0001,349,,,,,,,,,
0.0001,349,,,,,,,,,
0.0001,349,,,,,,,,,
0.0001,349,,,,,,,,,
0.0001,349,,,,,,,,,
,349,0.7198656797409058,0.375,0.7198656797409058,1,,,,,
0.0001,359,,,,,,,,,
0.0001,359,,,,,,,,,
0.0001,359,,,,,,,,,
0.0001,359,,,,,,,,,
0.0001,359,,,,,,,,,
0.0001,359,,,,,,,,,
0.0001,359,,,,,,,,,
0.0001,359,,,,,,,,,
0.0001,359,,,,,,,,,
0.0001,359,,,,,,,,,
0.0001,359,,,,,,,,,
0.0001,359,,,,,,,,,
0.0001,359,,,,,,,,,
0.0001,359,,,,,,,,,
0.0001,359,,,,,,,,,
0.0001,359,,,,,,,,,
,359,0.6664740443229675,0.75,0.6664740443229675,1,,,,,
0.0001,369,,,,,,,,,
0.0001,369,,,,,,,,,
0.0001,369,,,,,,,,,
0.0001,369,,,,,,,,,
0.0001,369,,,,,,,,,
0.0001,369,,,,,,,,,
0.0001,369,,,,,,,,,
0.0001,369,,,,,,,,,
0.0001,369,,,,,,,,,
0.0001,369,,,,,,,,,
0.0001,369,,,,,,,,,
0.0001,369,,,,,,,,,
0.0001,369,,,,,,,,,
0.0001,369,,,,,,,,,
0.0001,369,,,,,,,,,
0.0001,369,,,,,,,,,
,369,0.693144679069519,0.5,0.693144679069519,1,,,,,
0.0001,379,,,,,,,,,
0.0001,379,,,,,,,,,
0.0001,379,,,,,,,,,
0.0001,379,,,,,,,,,
0.0001,379,,,,,,,,,
0.0001,379,,,,,,,,,
0.0001,379,,,,,,,,,
0.0001,379,,,,,,,,,
0.0001,379,,,,,,,,,
0.0001,379,,,,,,,,,
0.0001,379,,,,,,,,,
0.0001,379,,,,,,,,,
0.0001,379,,,,,,,,,
0.0001,379,,,,,,,,,
0.0001,379,,,,,,,,,
0.0001,379,,,,,,,,,
,379,0.686013400554657,0.5625,0.686013400554657,1,,,,,
0.0001,389,,,,,,,,,
0.0001,389,,,,,,,,,
0.0001,389,,,,,,,,,
0.0001,389,,,,,,,,,
0.0001,389,,,,,,,,,
0.0001,389,,,,,,,,,
0.0001,389,,,,,,,,,
0.0001,389,,,,,,,,,
0.0001,389,,,,,,,,,
0.0001,389,,,,,,,,,
0.0001,389,,,,,,,,,
0.0001,389,,,,,,,,,
0.0001,389,,,,,,,,,
0.0001,389,,,,,,,,,
0.0001,389,,,,,,,,,
0.0001,389,,,,,,,,,
,389,0.6932030916213989,0.5,0.6932030916213989,1,,,,,
0.0001,399,,,,,,,,,
0.0001,399,,,,,,,,,
0.0001,399,,,,,,,,,
0.0001,399,,,,,,,,,
0.0001,399,,,,,,,,,
0.0001,399,,,,,,,,,
0.0001,399,,,,,,,,,
0.0001,399,,,,,,,,,
0.0001,399,,,,,,,,,
0.0001,399,,,,,,,,,
0.0001,399,,,,,,,,,
0.0001,399,,,,,,,,,
0.0001,399,,,,,,,,,
0.0001,399,,,,,,,,,
0.0001,399,,,,,,,,,
0.0001,399,,,,,,,,,
,399,0.6976600885391235,0.4375,0.6976600885391235,1,,,,,
0.0001,409,,,,,,,,,
0.0001,409,,,,,,,,,
0.0001,409,,,,,,,,,
0.0001,409,,,,,,,,,
0.0001,409,,,,,,,,,
0.0001,409,,,,,,,,,
0.0001,409,,,,,,,,,
0.0001,409,,,,,,,,,
0.0001,409,,,,,,,,,
0.0001,409,,,,,,,,,
0.0001,409,,,,,,,,,
0.0001,409,,,,,,,,,
0.0001,409,,,,,,,,,
0.0001,409,,,,,,,,,
0.0001,409,,,,,,,,,
0.0001,409,,,,,,,,,
,409,0.6859230399131775,0.6875,0.6859230399131775,1,,,,,
0.0001,419,,,,,,,,,
0.0001,419,,,,,,,,,
0.0001,419,,,,,,,,,
0.0001,419,,,,,,,,,
0.0001,419,,,,,,,,,
0.0001,419,,,,,,,,,
0.0001,419,,,,,,,,,
0.0001,419,,,,,,,,,
0.0001,419,,,,,,,,,
0.0001,419,,,,,,,,,
0.0001,419,,,,,,,,,
0.0001,419,,,,,,,,,
0.0001,419,,,,,,,,,
0.0001,419,,,,,,,,,
0.0001,419,,,,,,,,,
0.0001,419,,,,,,,,,
,419,0.7030197381973267,0.3125,0.7030197381973267,1,,,,,
0.0001,429,,,,,,,,,
0.0001,429,,,,,,,,,
0.0001,429,,,,,,,,,
0.0001,429,,,,,,,,,
0.0001,429,,,,,,,,,
0.0001,429,,,,,,,,,
0.0001,429,,,,,,,,,
0.0001,429,,,,,,,,,
0.0001,429,,,,,,,,,
0.0001,429,,,,,,,,,
0.0001,429,,,,,,,,,
0.0001,429,,,,,,,,,
0.0001,429,,,,,,,,,
0.0001,429,,,,,,,,,
0.0001,429,,,,,,,,,
0.0001,429,,,,,,,,,
,429,0.6936554908752441,0.5,0.6936554908752441,1,,,,,
0.0001,439,,,,,,,,,
0.0001,439,,,,,,,,,
0.0001,439,,,,,,,,,
0.0001,439,,,,,,,,,
0.0001,439,,,,,,,,,
0.0001,439,,,,,,,,,
0.0001,439,,,,,,,,,
0.0001,439,,,,,,,,,
0.0001,439,,,,,,,,,
0.0001,439,,,,,,,,,
0.0001,439,,,,,,,,,
0.0001,439,,,,,,,,,
0.0001,439,,,,,,,,,
0.0001,439,,,,,,,,,
0.0001,439,,,,,,,,,
0.0001,439,,,,,,,,,
,439,0.696345865726471,0.5,0.696345865726471,1,,,,,
0.0001,449,,,,,,,,,
0.0001,449,,,,,,,,,
0.0001,449,,,,,,,,,
0.0001,449,,,,,,,,,
0.0001,449,,,,,,,,,
0.0001,449,,,,,,,,,
0.0001,449,,,,,,,,,
0.0001,449,,,,,,,,,
0.0001,449,,,,,,,,,
0.0001,449,,,,,,,,,
0.0001,449,,,,,,,,,
0.0001,449,,,,,,,,,
0.0001,449,,,,,,,,,
0.0001,449,,,,,,,,,
0.0001,449,,,,,,,,,
0.0001,449,,,,,,,,,
,449,0.6902599930763245,0.5625,0.6902599930763245,1,,,,,
0.0001,459,,,,,,,,,
0.0001,459,,,,,,,,,
0.0001,459,,,,,,,,,
0.0001,459,,,,,,,,,
0.0001,459,,,,,,,,,
0.0001,459,,,,,,,,,
0.0001,459,,,,,,,,,
0.0001,459,,,,,,,,,
0.0001,459,,,,,,,,,
0.0001,459,,,,,,,,,
0.0001,459,,,,,,,,,
0.0001,459,,,,,,,,,
0.0001,459,,,,,,,,,
0.0001,459,,,,,,,,,
0.0001,459,,,,,,,,,
0.0001,459,,,,,,,,,
,459,0.6671305894851685,0.625,0.6671305894851685,1,,,,,
0.0001,469,,,,,,,,,
0.0001,469,,,,,,,,,
0.0001,469,,,,,,,,,
0.0001,469,,,,,,,,,
0.0001,469,,,,,,,,,
0.0001,469,,,,,,,,,
0.0001,469,,,,,,,,,
0.0001,469,,,,,,,,,
0.0001,469,,,,,,,,,
0.0001,469,,,,,,,,,
0.0001,469,,,,,,,,,
0.0001,469,,,,,,,,,
0.0001,469,,,,,,,,,
0.0001,469,,,,,,,,,
0.0001,469,,,,,,,,,
0.0001,469,,,,,,,,,
,469,0.6935846209526062,0.5,0.6935846209526062,1,,,,,
0.0001,479,,,,,,,,,
0.0001,479,,,,,,,,,
0.0001,479,,,,,,,,,
0.0001,479,,,,,,,,,
0.0001,479,,,,,,,,,
0.0001,479,,,,,,,,,
0.0001,479,,,,,,,,,
0.0001,479,,,,,,,,,
0.0001,479,,,,,,,,,
0.0001,479,,,,,,,,,
0.0001,479,,,,,,,,,
0.0001,479,,,,,,,,,
0.0001,479,,,,,,,,,
0.0001,479,,,,,,,,,
0.0001,479,,,,,,,,,
0.0001,479,,,,,,,,,
,479,0.7057411074638367,0.3125,0.7057411074638367,1,,,,,
0.0001,489,,,,,,,,,
0.0001,489,,,,,,,,,
0.0001,489,,,,,,,,,
0.0001,489,,,,,,,,,
0.0001,489,,,,,,,,,
0.0001,489,,,,,,,,,
0.0001,489,,,,,,,,,
0.0001,489,,,,,,,,,
0.0001,489,,,,,,,,,
0.0001,489,,,,,,,,,
0.0001,489,,,,,,,,,
0.0001,489,,,,,,,,,
0.0001,489,,,,,,,,,
0.0001,489,,,,,,,,,
0.0001,489,,,,,,,,,
0.0001,489,,,,,,,,,
,489,0.6878790259361267,0.6875,0.6878790259361267,1,,,,,
0.0001,499,,,,,,,,,
0.0001,499,,,,,,,,,
0.0001,499,,,,,,,,,
0.0001,499,,,,,,,,,
0.0001,499,,,,,,,,,
0.0001,499,,,,,,,,,
0.0001,499,,,,,,,,,
0.0001,499,,,,,,,,,
0.0001,499,,,,,,,,,
0.0001,499,,,,,,,,,
0.0001,499,,,,,,,,,
0.0001,499,,,,,,,,,
0.0001,499,,,,,,,,,
0.0001,499,,,,,,,,,
0.0001,499,,,,,,,,,
0.0001,499,,,,,,,,,
,499,0.7025924921035767,0.4375,0.7025924921035767,1,,,,,
0.0001,509,,,,,,,,,
0.0001,509,,,,,,,,,
0.0001,509,,,,,,,,,
0.0001,509,,,,,,,,,
0.0001,509,,,,,,,,,
0.0001,509,,,,,,,,,
0.0001,509,,,,,,,,,
0.0001,509,,,,,,,,,
0.0001,509,,,,,,,,,
0.0001,509,,,,,,,,,
0.0001,509,,,,,,,,,
0.0001,509,,,,,,,,,
0.0001,509,,,,,,,,,
0.0001,509,,,,,,,,,
0.0001,509,,,,,,,,,
0.0001,509,,,,,,,,,
,509,0.6434929966926575,0.75,0.6434929966926575,1,,,,,
0.0001,519,,,,,,,,,
0.0001,519,,,,,,,,,
0.0001,519,,,,,,,,,
0.0001,519,,,,,,,,,
0.0001,519,,,,,,,,,
0.0001,519,,,,,,,,,
0.0001,519,,,,,,,,,
0.0001,519,,,,,,,,,
0.0001,519,,,,,,,,,
0.0001,519,,,,,,,,,
0.0001,519,,,,,,,,,
0.0001,519,,,,,,,,,
0.0001,519,,,,,,,,,
0.0001,519,,,,,,,,,
0.0001,519,,,,,,,,,
0.0001,519,,,,,,,,,
,519,0.6931476593017578,0.5,0.6931476593017578,1,,,,,
0.0001,529,,,,,,,,,
0.0001,529,,,,,,,,,
0.0001,529,,,,,,,,,
0.0001,529,,,,,,,,,
0.0001,529,,,,,,,,,
0.0001,529,,,,,,,,,
0.0001,529,,,,,,,,,
0.0001,529,,,,,,,,,
0.0001,529,,,,,,,,,
0.0001,529,,,,,,,,,
0.0001,529,,,,,,,,,
0.0001,529,,,,,,,,,
0.0001,529,,,,,,,,,
0.0001,529,,,,,,,,,
0.0001,529,,,,,,,,,
0.0001,529,,,,,,,,,
,529,0.6820589900016785,0.625,0.6820589900016785,1,,,,,
0.0001,539,,,,,,,,,
0.0001,539,,,,,,,,,
0.0001,539,,,,,,,,,
0.0001,539,,,,,,,,,
0.0001,539,,,,,,,,,
0.0001,539,,,,,,,,,
0.0001,539,,,,,,,,,
0.0001,539,,,,,,,,,
0.0001,539,,,,,,,,,
0.0001,539,,,,,,,,,
0.0001,539,,,,,,,,,
0.0001,539,,,,,,,,,
0.0001,539,,,,,,,,,
0.0001,539,,,,,,,,,
0.0001,539,,,,,,,,,
0.0001,539,,,,,,,,,
,539,0.7072219252586365,0.4375,0.7072219252586365,1,,,,,
0.0001,549,,,,,,,,,
0.0001,549,,,,,,,,,
0.0001,549,,,,,,,,,
0.0001,549,,,,,,,,,
0.0001,549,,,,,,,,,
0.0001,549,,,,,,,,,
0.0001,549,,,,,,,,,
0.0001,549,,,,,,,,,
0.0001,549,,,,,,,,,
0.0001,549,,,,,,,,,
0.0001,549,,,,,,,,,
0.0001,549,,,,,,,,,
0.0001,549,,,,,,,,,
0.0001,549,,,,,,,,,
0.0001,549,,,,,,,,,
0.0001,549,,,,,,,,,
,549,0.6899164319038391,0.5625,0.6899164319038391,1,,,,,
0.0001,559,,,,,,,,,
0.0001,559,,,,,,,,,
0.0001,559,,,,,,,,,
0.0001,559,,,,,,,,,
0.0001,559,,,,,,,,,
0.0001,559,,,,,,,,,
0.0001,559,,,,,,,,,
0.0001,559,,,,,,,,,
0.0001,559,,,,,,,,,
0.0001,559,,,,,,,,,
0.0001,559,,,,,,,,,
0.0001,559,,,,,,,,,
0.0001,559,,,,,,,,,
0.0001,559,,,,,,,,,
0.0001,559,,,,,,,,,
0.0001,559,,,,,,,,,
,559,0.705504834651947,0.4375,0.705504834651947,1,,,,,
0.0001,569,,,,,,,,,
0.0001,569,,,,,,,,,
0.0001,569,,,,,,,,,
0.0001,569,,,,,,,,,
0.0001,569,,,,,,,,,
0.0001,569,,,,,,,,,
0.0001,569,,,,,,,,,
0.0001,569,,,,,,,,,
0.0001,569,,,,,,,,,
0.0001,569,,,,,,,,,
0.0001,569,,,,,,,,,
0.0001,569,,,,,,,,,
0.0001,569,,,,,,,,,
0.0001,569,,,,,,,,,
0.0001,569,,,,,,,,,
0.0001,569,,,,,,,,,
,569,0.6858301162719727,0.625,0.6858301162719727,1,,,,,
0.0001,579,,,,,,,,,
0.0001,579,,,,,,,,,
0.0001,579,,,,,,,,,
0.0001,579,,,,,,,,,
0.0001,579,,,,,,,,,
0.0001,579,,,,,,,,,
0.0001,579,,,,,,,,,
0.0001,579,,,,,,,,,
0.0001,579,,,,,,,,,
0.0001,579,,,,,,,,,
0.0001,579,,,,,,,,,
0.0001,579,,,,,,,,,
0.0001,579,,,,,,,,,
0.0001,579,,,,,,,,,
0.0001,579,,,,,,,,,
0.0001,579,,,,,,,,,
,579,0.732212245464325,0.25,0.732212245464325,1,,,,,
0.0001,589,,,,,,,,,
0.0001,589,,,,,,,,,
0.0001,589,,,,,,,,,
0.0001,589,,,,,,,,,
0.0001,589,,,,,,,,,
0.0001,589,,,,,,,,,
0.0001,589,,,,,,,,,
0.0001,589,,,,,,,,,
0.0001,589,,,,,,,,,
0.0001,589,,,,,,,,,
0.0001,589,,,,,,,,,
0.0001,589,,,,,,,,,
0.0001,589,,,,,,,,,
0.0001,589,,,,,,,,,
0.0001,589,,,,,,,,,
0.0001,589,,,,,,,,,
,589,0.6964557766914368,0.5,0.6964557766914368,1,,,,,
0.0001,599,,,,,,,,,
0.0001,599,,,,,,,,,
0.0001,599,,,,,,,,,
0.0001,599,,,,,,,,,
0.0001,599,,,,,,,,,
0.0001,599,,,,,,,,,
0.0001,599,,,,,,,,,
0.0001,599,,,,,,,,,
0.0001,599,,,,,,,,,
0.0001,599,,,,,,,,,
0.0001,599,,,,,,,,,
0.0001,599,,,,,,,,,
0.0001,599,,,,,,,,,
0.0001,599,,,,,,,,,
0.0001,599,,,,,,,,,
0.0001,599,,,,,,,,,
,599,0.6872117519378662,0.5625,0.6872117519378662,1,,,,,
0.0001,609,,,,,,,,,
0.0001,609,,,,,,,,,
0.0001,609,,,,,,,,,
0.0001,609,,,,,,,,,
0.0001,609,,,,,,,,,
0.0001,609,,,,,,,,,
0.0001,609,,,,,,,,,
0.0001,609,,,,,,,,,
0.0001,609,,,,,,,,,
0.0001,609,,,,,,,,,
0.0001,609,,,,,,,,,
0.0001,609,,,,,,,,,
0.0001,609,,,,,,,,,
0.0001,609,,,,,,,,,
0.0001,609,,,,,,,,,
0.0001,609,,,,,,,,,
,609,0.6902521848678589,0.625,0.6902521848678589,1,,,,,
0.0001,619,,,,,,,,,
0.0001,619,,,,,,,,,
0.0001,619,,,,,,,,,
0.0001,619,,,,,,,,,
0.0001,619,,,,,,,,,
0.0001,619,,,,,,,,,
0.0001,619,,,,,,,,,
0.0001,619,,,,,,,,,
0.0001,619,,,,,,,,,
0.0001,619,,,,,,,,,
0.0001,619,,,,,,,,,
0.0001,619,,,,,,,,,
0.0001,619,,,,,,,,,
0.0001,619,,,,,,,,,
0.0001,619,,,,,,,,,
0.0001,619,,,,,,,,,
,619,0.6789749264717102,0.6875,0.6789749264717102,1,,,,,
0.0001,629,,,,,,,,,
0.0001,629,,,,,,,,,
0.0001,629,,,,,,,,,
0.0001,629,,,,,,,,,
0.0001,629,,,,,,,,,
0.0001,629,,,,,,,,,
0.0001,629,,,,,,,,,
0.0001,629,,,,,,,,,
0.0001,629,,,,,,,,,
0.0001,629,,,,,,,,,
0.0001,629,,,,,,,,,
0.0001,629,,,,,,,,,
0.0001,629,,,,,,,,,
0.0001,629,,,,,,,,,
0.0001,629,,,,,,,,,
0.0001,629,,,,,,,,,
,629,0.6962863206863403,0.375,0.6962863206863403,1,,,,,
0.0001,639,,,,,,,,,
0.0001,639,,,,,,,,,
0.0001,639,,,,,,,,,
0.0001,639,,,,,,,,,
0.0001,639,,,,,,,,,
0.0001,639,,,,,,,,,
0.0001,639,,,,,,,,,
0.0001,639,,,,,,,,,
0.0001,639,,,,,,,,,
0.0001,639,,,,,,,,,
0.0001,639,,,,,,,,,
0.0001,639,,,,,,,,,
0.0001,639,,,,,,,,,
0.0001,639,,,,,,,,,
0.0001,639,,,,,,,,,
0.0001,639,,,,,,,,,
,639,0.6963384747505188,0.4375,0.6963384747505188,1,,,,,
0.0001,649,,,,,,,,,
0.0001,649,,,,,,,,,
0.0001,649,,,,,,,,,
0.0001,649,,,,,,,,,
0.0001,649,,,,,,,,,
0.0001,649,,,,,,,,,
0.0001,649,,,,,,,,,
0.0001,649,,,,,,,,,
0.0001,649,,,,,,,,,
0.0001,649,,,,,,,,,
0.0001,649,,,,,,,,,
0.0001,649,,,,,,,,,
0.0001,649,,,,,,,,,
0.0001,649,,,,,,,,,
0.0001,649,,,,,,,,,
0.0001,649,,,,,,,,,
,649,0.6830911040306091,0.6875,0.6830911040306091,1,,,,,
0.0001,659,,,,,,,,,
0.0001,659,,,,,,,,,
0.0001,659,,,,,,,,,
0.0001,659,,,,,,,,,
0.0001,659,,,,,,,,,
0.0001,659,,,,,,,,,
0.0001,659,,,,,,,,,
0.0001,659,,,,,,,,,
0.0001,659,,,,,,,,,
0.0001,659,,,,,,,,,
0.0001,659,,,,,,,,,
0.0001,659,,,,,,,,,
0.0001,659,,,,,,,,,
0.0001,659,,,,,,,,,
0.0001,659,,,,,,,,,
0.0001,659,,,,,,,,,
,659,0.6903932690620422,0.625,0.6903932690620422,1,,,,,
0.0001,669,,,,,,,,,
0.0001,669,,,,,,,,,
0.0001,669,,,,,,,,,
0.0001,669,,,,,,,,,
0.0001,669,,,,,,,,,
0.0001,669,,,,,,,,,
0.0001,669,,,,,,,,,
0.0001,669,,,,,,,,,
0.0001,669,,,,,,,,,
0.0001,669,,,,,,,,,
0.0001,669,,,,,,,,,
0.0001,669,,,,,,,,,
0.0001,669,,,,,,,,,
0.0001,669,,,,,,,,,
0.0001,669,,,,,,,,,
0.0001,669,,,,,,,,,
,669,0.7223753929138184,0.4375,0.7223753929138184,1,,,,,
,675,,,nan,1,nan,nan,,,
,675,,,,1,,,0.5020202994346619,0.6949021816253662,0.5020202994346619
0.0001,679,,,,,,,,,
0.0001,679,,,,,,,,,
0.0001,679,,,,,,,,,
0.0001,679,,,,,,,,,
0.0001,679,,,,,,,,,
0.0001,679,,,,,,,,,
0.0001,679,,,,,,,,,
0.0001,679,,,,,,,,,
0.0001,679,,,,,,,,,
0.0001,679,,,,,,,,,
0.0001,679,,,,,,,,,
0.0001,679,,,,,,,,,
0.0001,679,,,,,,,,,
0.0001,679,,,,,,,,,
0.0001,679,,,,,,,,,
0.0001,679,,,,,,,,,
,679,0.7179790735244751,0.375,0.7179790735244751,2,,,,,
0.0001,689,,,,,,,,,
0.0001,689,,,,,,,,,
0.0001,689,,,,,,,,,
0.0001,689,,,,,,,,,
0.0001,689,,,,,,,,,
0.0001,689,,,,,,,,,
0.0001,689,,,,,,,,,
0.0001,689,,,,,,,,,
0.0001,689,,,,,,,,,
0.0001,689,,,,,,,,,
0.0001,689,,,,,,,,,
0.0001,689,,,,,,,,,
0.0001,689,,,,,,,,,
0.0001,689,,,,,,,,,
0.0001,689,,,,,,,,,
0.0001,689,,,,,,,,,
,689,0.695651650428772,0.4375,0.695651650428772,2,,,,,
0.0001,699,,,,,,,,,
0.0001,699,,,,,,,,,
0.0001,699,,,,,,,,,
0.0001,699,,,,,,,,,
0.0001,699,,,,,,,,,
0.0001,699,,,,,,,,,
0.0001,699,,,,,,,,,
0.0001,699,,,,,,,,,
0.0001,699,,,,,,,,,
0.0001,699,,,,,,,,,
0.0001,699,,,,,,,,,
0.0001,699,,,,,,,,,
0.0001,699,,,,,,,,,
0.0001,699,,,,,,,,,
0.0001,699,,,,,,,,,
0.0001,699,,,,,,,,,
,699,0.6794678568840027,0.625,0.6794678568840027,2,,,,,
0.0001,709,,,,,,,,,
0.0001,709,,,,,,,,,
0.0001,709,,,,,,,,,
0.0001,709,,,,,,,,,
0.0001,709,,,,,,,,,
0.0001,709,,,,,,,,,
0.0001,709,,,,,,,,,
0.0001,709,,,,,,,,,
0.0001,709,,,,,,,,,
0.0001,709,,,,,,,,,
0.0001,709,,,,,,,,,
0.0001,709,,,,,,,,,
0.0001,709,,,,,,,,,
0.0001,709,,,,,,,,,
0.0001,709,,,,,,,,,
0.0001,709,,,,,,,,,
,709,0.6665653586387634,0.625,0.6665653586387634,2,,,,,
0.0001,719,,,,,,,,,
0.0001,719,,,,,,,,,
0.0001,719,,,,,,,,,
0.0001,719,,,,,,,,,
0.0001,719,,,,,,,,,
0.0001,719,,,,,,,,,
0.0001,719,,,,,,,,,
0.0001,719,,,,,,,,,
0.0001,719,,,,,,,,,
0.0001,719,,,,,,,,,
0.0001,719,,,,,,,,,
0.0001,719,,,,,,,,,
0.0001,719,,,,,,,,,
0.0001,719,,,,,,,,,
0.0001,719,,,,,,,,,
0.0001,719,,,,,,,,,
,719,0.6768611669540405,0.6875,0.6768611669540405,2,,,,,
0.0001,729,,,,,,,,,
0.0001,729,,,,,,,,,
0.0001,729,,,,,,,,,
0.0001,729,,,,,,,,,
0.0001,729,,,,,,,,,
0.0001,729,,,,,,,,,
0.0001,729,,,,,,,,,
0.0001,729,,,,,,,,,
0.0001,729,,,,,,,,,
0.0001,729,,,,,,,,,
0.0001,729,,,,,,,,,
0.0001,729,,,,,,,,,
0.0001,729,,,,,,,,,
0.0001,729,,,,,,,,,
0.0001,729,,,,,,,,,
0.0001,729,,,,,,,,,
,729,0.7060217261314392,0.3125,0.7060217261314392,2,,,,,
0.0001,739,,,,,,,,,
0.0001,739,,,,,,,,,
0.0001,739,,,,,,,,,
0.0001,739,,,,,,,,,
0.0001,739,,,,,,,,,
0.0001,739,,,,,,,,,
0.0001,739,,,,,,,,,
0.0001,739,,,,,,,,,
0.0001,739,,,,,,,,,
0.0001,739,,,,,,,,,
0.0001,739,,,,,,,,,
0.0001,739,,,,,,,,,
0.0001,739,,,,,,,,,
0.0001,739,,,,,,,,,
0.0001,739,,,,,,,,,
0.0001,739,,,,,,,,,
,739,0.6672381162643433,0.6875,0.6672381162643433,2,,,,,
0.0001,749,,,,,,,,,
0.0001,749,,,,,,,,,
0.0001,749,,,,,,,,,
0.0001,749,,,,,,,,,
0.0001,749,,,,,,,,,
0.0001,749,,,,,,,,,
0.0001,749,,,,,,,,,
0.0001,749,,,,,,,,,
0.0001,749,,,,,,,,,
0.0001,749,,,,,,,,,
0.0001,749,,,,,,,,,
0.0001,749,,,,,,,,,
0.0001,749,,,,,,,,,
0.0001,749,,,,,,,,,
0.0001,749,,,,,,,,,
0.0001,749,,,,,,,,,
,749,0.7436954975128174,0.3125,0.7436954975128174,2,,,,,
0.0001,759,,,,,,,,,
0.0001,759,,,,,,,,,
0.0001,759,,,,,,,,,
0.0001,759,,,,,,,,,
0.0001,759,,,,,,,,,
0.0001,759,,,,,,,,,
0.0001,759,,,,,,,,,
0.0001,759,,,,,,,,,
0.0001,759,,,,,,,,,
0.0001,759,,,,,,,,,
0.0001,759,,,,,,,,,
0.0001,759,,,,,,,,,
0.0001,759,,,,,,,,,
0.0001,759,,,,,,,,,
0.0001,759,,,,,,,,,
0.0001,759,,,,,,,,,
,759,0.6934418678283691,0.5,0.6934418678283691,2,,,,,
0.0001,769,,,,,,,,,
0.0001,769,,,,,,,,,
0.0001,769,,,,,,,,,
0.0001,769,,,,,,,,,
0.0001,769,,,,,,,,,
0.0001,769,,,,,,,,,
0.0001,769,,,,,,,,,
0.0001,769,,,,,,,,,
0.0001,769,,,,,,,,,
0.0001,769,,,,,,,,,
0.0001,769,,,,,,,,,
0.0001,769,,,,,,,,,
0.0001,769,,,,,,,,,
0.0001,769,,,,,,,,,
0.0001,769,,,,,,,,,
0.0001,769,,,,,,,,,
,769,0.7029648423194885,0.375,0.7029648423194885,2,,,,,
0.0001,779,,,,,,,,,
0.0001,779,,,,,,,,,
0.0001,779,,,,,,,,,
0.0001,779,,,,,,,,,
0.0001,779,,,,,,,,,
0.0001,779,,,,,,,,,
0.0001,779,,,,,,,,,
0.0001,779,,,,,,,,,
0.0001,779,,,,,,,,,
0.0001,779,,,,,,,,,
0.0001,779,,,,,,,,,
0.0001,779,,,,,,,,,
0.0001,779,,,,,,,,,
0.0001,779,,,,,,,,,
0.0001,779,,,,,,,,,
0.0001,779,,,,,,,,,
,779,0.690346896648407,0.5625,0.690346896648407,2,,,,,
0.0001,789,,,,,,,,,
0.0001,789,,,,,,,,,
0.0001,789,,,,,,,,,
0.0001,789,,,,,,,,,
0.0001,789,,,,,,,,,
0.0001,789,,,,,,,,,
0.0001,789,,,,,,,,,
0.0001,789,,,,,,,,,
0.0001,789,,,,,,,,,
0.0001,789,,,,,,,,,
0.0001,789,,,,,,,,,
0.0001,789,,,,,,,,,
0.0001,789,,,,,,,,,
0.0001,789,,,,,,,,,
0.0001,789,,,,,,,,,
0.0001,789,,,,,,,,,
,789,0.6960849165916443,0.375,0.6960849165916443,2,,,,,
0.0001,799,,,,,,,,,
0.0001,799,,,,,,,,,
0.0001,799,,,,,,,,,
0.0001,799,,,,,,,,,
0.0001,799,,,,,,,,,
0.0001,799,,,,,,,,,
0.0001,799,,,,,,,,,
0.0001,799,,,,,,,,,
0.0001,799,,,,,,,,,
0.0001,799,,,,,,,,,
0.0001,799,,,,,,,,,
0.0001,799,,,,,,,,,
0.0001,799,,,,,,,,,
0.0001,799,,,,,,,,,
0.0001,799,,,,,,,,,
0.0001,799,,,,,,,,,
,799,0.6903164982795715,0.5625,0.6903164982795715,2,,,,,
0.0001,809,,,,,,,,,
0.0001,809,,,,,,,,,
0.0001,809,,,,,,,,,
0.0001,809,,,,,,,,,
0.0001,809,,,,,,,,,
0.0001,809,,,,,,,,,
0.0001,809,,,,,,,,,
0.0001,809,,,,,,,,,
0.0001,809,,,,,,,,,
0.0001,809,,,,,,,,,
0.0001,809,,,,,,,,,
0.0001,809,,,,,,,,,
0.0001,809,,,,,,,,,
0.0001,809,,,,,,,,,
0.0001,809,,,,,,,,,
0.0001,809,,,,,,,,,
,809,0.6907498836517334,0.5625,0.6907498836517334,2,,,,,
0.0001,819,,,,,,,,,
0.0001,819,,,,,,,,,
0.0001,819,,,,,,,,,
0.0001,819,,,,,,,,,
0.0001,819,,,,,,,,,
0.0001,819,,,,,,,,,
0.0001,819,,,,,,,,,
0.0001,819,,,,,,,,,
0.0001,819,,,,,,,,,
0.0001,819,,,,,,,,,
0.0001,819,,,,,,,,,
0.0001,819,,,,,,,,,
0.0001,819,,,,,,,,,
0.0001,819,,,,,,,,,
0.0001,819,,,,,,,,,
0.0001,819,,,,,,,,,
,819,0.7099970579147339,0.3125,0.7099970579147339,2,,,,,
0.0001,829,,,,,,,,,
0.0001,829,,,,,,,,,
0.0001,829,,,,,,,,,
0.0001,829,,,,,,,,,
0.0001,829,,,,,,,,,
0.0001,829,,,,,,,,,
0.0001,829,,,,,,,,,
0.0001,829,,,,,,,,,
0.0001,829,,,,,,,,,
0.0001,829,,,,,,,,,
0.0001,829,,,,,,,,,
0.0001,829,,,,,,,,,
0.0001,829,,,,,,,,,
0.0001,829,,,,,,,,,
0.0001,829,,,,,,,,,
0.0001,829,,,,,,,,,
,829,0.6967094540596008,0.375,0.6967094540596008,2,,,,,
0.0001,839,,,,,,,,,
0.0001,839,,,,,,,,,
0.0001,839,,,,,,,,,
0.0001,839,,,,,,,,,
0.0001,839,,,,,,,,,
0.0001,839,,,,,,,,,
0.0001,839,,,,,,,,,
0.0001,839,,,,,,,,,
0.0001,839,,,,,,,,,
0.0001,839,,,,,,,,,
0.0001,839,,,,,,,,,
0.0001,839,,,,,,,,,
0.0001,839,,,,,,,,,
0.0001,839,,,,,,,,,
0.0001,839,,,,,,,,,
0.0001,839,,,,,,,,,
,839,0.6892200708389282,0.625,0.6892200708389282,2,,,,,
0.0001,849,,,,,,,,,
0.0001,849,,,,,,,,,
0.0001,849,,,,,,,,,
0.0001,849,,,,,,,,,
0.0001,849,,,,,,,,,
0.0001,849,,,,,,,,,
0.0001,849,,,,,,,,,
0.0001,849,,,,,,,,,
0.0001,849,,,,,,,,,
0.0001,849,,,,,,,,,
0.0001,849,,,,,,,,,
0.0001,849,,,,,,,,,
0.0001,849,,,,,,,,,
0.0001,849,,,,,,,,,
0.0001,849,,,,,,,,,
0.0001,849,,,,,,,,,
,849,0.6951354742050171,0.375,0.6951354742050171,2,,,,,
0.0001,859,,,,,,,,,
0.0001,859,,,,,,,,,
0.0001,859,,,,,,,,,
0.0001,859,,,,,,,,,
0.0001,859,,,,,,,,,
0.0001,859,,,,,,,,,
0.0001,859,,,,,,,,,
0.0001,859,,,,,,,,,
0.0001,859,,,,,,,,,
0.0001,859,,,,,,,,,
0.0001,859,,,,,,,,,
0.0001,859,,,,,,,,,
0.0001,859,,,,,,,,,
0.0001,859,,,,,,,,,
0.0001,859,,,,,,,,,
0.0001,859,,,,,,,,,
,859,0.7092702388763428,0.25,0.7092702388763428,2,,,,,
0.0001,869,,,,,,,,,
0.0001,869,,,,,,,,,
0.0001,869,,,,,,,,,
0.0001,869,,,,,,,,,
0.0001,869,,,,,,,,,
0.0001,869,,,,,,,,,
0.0001,869,,,,,,,,,
0.0001,869,,,,,,,,,
0.0001,869,,,,,,,,,
0.0001,869,,,,,,,,,
0.0001,869,,,,,,,,,
0.0001,869,,,,,,,,,
0.0001,869,,,,,,,,,
0.0001,869,,,,,,,,,
0.0001,869,,,,,,,,,
0.0001,869,,,,,,,,,
,869,0.6872214674949646,0.5625,0.6872214674949646,2,,,,,
0.0001,879,,,,,,,,,
0.0001,879,,,,,,,,,
0.0001,879,,,,,,,,,
0.0001,879,,,,,,,,,
0.0001,879,,,,,,,,,
0.0001,879,,,,,,,,,
0.0001,879,,,,,,,,,
0.0001,879,,,,,,,,,
0.0001,879,,,,,,,,,
0.0001,879,,,,,,,,,
0.0001,879,,,,,,,,,
0.0001,879,,,,,,,,,
0.0001,879,,,,,,,,,
0.0001,879,,,,,,,,,
0.0001,879,,,,,,,,,
0.0001,879,,,,,,,,,
,879,0.6949514150619507,0.375,0.6949514150619507,2,,,,,
0.0001,889,,,,,,,,,
0.0001,889,,,,,,,,,
0.0001,889,,,,,,,,,
0.0001,889,,,,,,,,,
0.0001,889,,,,,,,,,
0.0001,889,,,,,,,,,
0.0001,889,,,,,,,,,
0.0001,889,,,,,,,,,
0.0001,889,,,,,,,,,
0.0001,889,,,,,,,,,
0.0001,889,,,,,,,,,
0.0001,889,,,,,,,,,
0.0001,889,,,,,,,,,
0.0001,889,,,,,,,,,
0.0001,889,,,,,,,,,
0.0001,889,,,,,,,,,
,889,0.6922662854194641,0.625,0.6922662854194641,2,,,,,
0.0001,899,,,,,,,,,
0.0001,899,,,,,,,,,
0.0001,899,,,,,,,,,
0.0001,899,,,,,,,,,
0.0001,899,,,,,,,,,
0.0001,899,,,,,,,,,
0.0001,899,,,,,,,,,
0.0001,899,,,,,,,,,
0.0001,899,,,,,,,,,
0.0001,899,,,,,,,,,
0.0001,899,,,,,,,,,
0.0001,899,,,,,,,,,
0.0001,899,,,,,,,,,
0.0001,899,,,,,,,,,
0.0001,899,,,,,,,,,
0.0001,899,,,,,,,,,
,899,0.6932114958763123,0.5,0.6932114958763123,2,,,,,
0.0001,909,,,,,,,,,
0.0001,909,,,,,,,,,
0.0001,909,,,,,,,,,
0.0001,909,,,,,,,,,
0.0001,909,,,,,,,,,
0.0001,909,,,,,,,,,
0.0001,909,,,,,,,,,
0.0001,909,,,,,,,,,
0.0001,909,,,,,,,,,
0.0001,909,,,,,,,,,
0.0001,909,,,,,,,,,
0.0001,909,,,,,,,,,
0.0001,909,,,,,,,,,
0.0001,909,,,,,,,,,
0.0001,909,,,,,,,,,
0.0001,909,,,,,,,,,
,909,0.7169229388237,0.3125,0.7169229388237,2,,,,,
0.0001,919,,,,,,,,,
0.0001,919,,,,,,,,,
0.0001,919,,,,,,,,,
0.0001,919,,,,,,,,,
0.0001,919,,,,,,,,,
0.0001,919,,,,,,,,,
0.0001,919,,,,,,,,,
0.0001,919,,,,,,,,,
0.0001,919,,,,,,,,,
0.0001,919,,,,,,,,,
0.0001,919,,,,,,,,,
0.0001,919,,,,,,,,,
0.0001,919,,,,,,,,,
0.0001,919,,,,,,,,,
0.0001,919,,,,,,,,,
0.0001,919,,,,,,,,,
,919,0.6809039115905762,0.75,0.6809039115905762,2,,,,,
0.0001,929,,,,,,,,,
0.0001,929,,,,,,,,,
0.0001,929,,,,,,,,,
0.0001,929,,,,,,,,,
0.0001,929,,,,,,,,,
0.0001,929,,,,,,,,,
0.0001,929,,,,,,,,,
0.0001,929,,,,,,,,,
0.0001,929,,,,,,,,,
0.0001,929,,,,,,,,,
0.0001,929,,,,,,,,,
0.0001,929,,,,,,,,,
0.0001,929,,,,,,,,,
0.0001,929,,,,,,,,,
0.0001,929,,,,,,,,,
0.0001,929,,,,,,,,,
,929,0.6957330107688904,0.4375,0.6957330107688904,2,,,,,
0.0001,939,,,,,,,,,
0.0001,939,,,,,,,,,
0.0001,939,,,,,,,,,
0.0001,939,,,,,,,,,
0.0001,939,,,,,,,,,
0.0001,939,,,,,,,,,
0.0001,939,,,,,,,,,
0.0001,939,,,,,,,,,
0.0001,939,,,,,,,,,
0.0001,939,,,,,,,,,
0.0001,939,,,,,,,,,
0.0001,939,,,,,,,,,
0.0001,939,,,,,,,,,
0.0001,939,,,,,,,,,
0.0001,939,,,,,,,,,
0.0001,939,,,,,,,,,
,939,0.6945512294769287,0.4375,0.6945512294769287,2,,,,,
0.0001,949,,,,,,,,,
0.0001,949,,,,,,,,,
0.0001,949,,,,,,,,,
0.0001,949,,,,,,,,,
0.0001,949,,,,,,,,,
0.0001,949,,,,,,,,,
0.0001,949,,,,,,,,,
0.0001,949,,,,,,,,,
0.0001,949,,,,,,,,,
0.0001,949,,,,,,,,,
0.0001,949,,,,,,,,,
0.0001,949,,,,,,,,,
0.0001,949,,,,,,,,,
0.0001,949,,,,,,,,,
0.0001,949,,,,,,,,,
0.0001,949,,,,,,,,,
,949,0.7089498043060303,0.3125,0.7089498043060303,2,,,,,
0.0001,959,,,,,,,,,
0.0001,959,,,,,,,,,
0.0001,959,,,,,,,,,
0.0001,959,,,,,,,,,
0.0001,959,,,,,,,,,
0.0001,959,,,,,,,,,
0.0001,959,,,,,,,,,
0.0001,959,,,,,,,,,
0.0001,959,,,,,,,,,
0.0001,959,,,,,,,,,
0.0001,959,,,,,,,,,
0.0001,959,,,,,,,,,
0.0001,959,,,,,,,,,
0.0001,959,,,,,,,,,
0.0001,959,,,,,,,,,
0.0001,959,,,,,,,,,
,959,0.6870296597480774,0.5625,0.6870296597480774,2,,,,,
0.0001,969,,,,,,,,,
0.0001,969,,,,,,,,,
0.0001,969,,,,,,,,,
0.0001,969,,,,,,,,,
0.0001,969,,,,,,,,,
0.0001,969,,,,,,,,,
0.0001,969,,,,,,,,,
0.0001,969,,,,,,,,,
0.0001,969,,,,,,,,,
0.0001,969,,,,,,,,,
0.0001,969,,,,,,,,,
0.0001,969,,,,,,,,,
0.0001,969,,,,,,,,,
0.0001,969,,,,,,,,,
0.0001,969,,,,,,,,,
0.0001,969,,,,,,,,,
,969,0.6902997493743896,0.625,0.6902997493743896,2,,,,,
0.0001,979,,,,,,,,,
0.0001,979,,,,,,,,,
0.0001,979,,,,,,,,,
0.0001,979,,,,,,,,,
0.0001,979,,,,,,,,,
0.0001,979,,,,,,,,,
0.0001,979,,,,,,,,,
0.0001,979,,,,,,,,,
0.0001,979,,,,,,,,,
0.0001,979,,,,,,,,,
0.0001,979,,,,,,,,,
0.0001,979,,,,,,,,,
0.0001,979,,,,,,,,,
0.0001,979,,,,,,,,,
0.0001,979,,,,,,,,,
0.0001,979,,,,,,,,,
,979,0.6905368566513062,0.75,0.6905368566513062,2,,,,,
0.0001,989,,,,,,,,,
0.0001,989,,,,,,,,,
0.0001,989,,,,,,,,,
0.0001,989,,,,,,,,,
0.0001,989,,,,,,,,,
0.0001,989,,,,,,,,,
0.0001,989,,,,,,,,,
0.0001,989,,,,,,,,,
0.0001,989,,,,,,,,,
0.0001,989,,,,,,,,,
0.0001,989,,,,,,,,,
0.0001,989,,,,,,,,,
0.0001,989,,,,,,,,,
0.0001,989,,,,,,,,,
0.0001,989,,,,,,,,,
0.0001,989,,,,,,,,,
,989,0.6890268325805664,0.625,0.6890268325805664,2,,,,,
0.0001,999,,,,,,,,,
0.0001,999,,,,,,,,,
0.0001,999,,,,,,,,,
0.0001,999,,,,,,,,,
0.0001,999,,,,,,,,,
0.0001,999,,,,,,,,,
0.0001,999,,,,,,,,,
0.0001,999,,,,,,,,,
0.0001,999,,,,,,,,,
0.0001,999,,,,,,,,,
0.0001,999,,,,,,,,,
0.0001,999,,,,,,,,,
0.0001,999,,,,,,,,,
0.0001,999,,,,,,,,,
0.0001,999,,,,,,,,,
0.0001,999,,,,,,,,,
,999,0.6980375647544861,0.4375,0.6980375647544861,2,,,,,
0.0001,1009,,,,,,,,,
0.0001,1009,,,,,,,,,
0.0001,1009,,,,,,,,,
0.0001,1009,,,,,,,,,
0.0001,1009,,,,,,,,,
0.0001,1009,,,,,,,,,
0.0001,1009,,,,,,,,,
0.0001,1009,,,,,,,,,
0.0001,1009,,,,,,,,,
0.0001,1009,,,,,,,,,
0.0001,1009,,,,,,,,,
0.0001,1009,,,,,,,,,
0.0001,1009,,,,,,,,,
0.0001,1009,,,,,,,,,
0.0001,1009,,,,,,,,,
0.0001,1009,,,,,,,,,
,1009,0.6930240988731384,0.5,0.6930240988731384,2,,,,,
,1013,,,nan,2,nan,nan,,,
,1013,,,,2,,,0.5020202994346619,0.6944606304168701,0.5020202994346619
0.0001,1019,,,,,,,,,
0.0001,1019,,,,,,,,,
0.0001,1019,,,,,,,,,
0.0001,1019,,,,,,,,,
0.0001,1019,,,,,,,,,
0.0001,1019,,,,,,,,,
0.0001,1019,,,,,,,,,
0.0001,1019,,,,,,,,,
0.0001,1019,,,,,,,,,
0.0001,1019,,,,,,,,,
0.0001,1019,,,,,,,,,
0.0001,1019,,,,,,,,,
0.0001,1019,,,,,,,,,
0.0001,1019,,,,,,,,,
0.0001,1019,,,,,,,,,
0.0001,1019,,,,,,,,,
,1019,0.6934993267059326,0.5,0.6934993267059326,3,,,,,
0.0001,1029,,,,,,,,,
0.0001,1029,,,,,,,,,
0.0001,1029,,,,,,,,,
0.0001,1029,,,,,,,,,
0.0001,1029,,,,,,,,,
0.0001,1029,,,,,,,,,
0.0001,1029,,,,,,,,,
0.0001,1029,,,,,,,,,
0.0001,1029,,,,,,,,,
0.0001,1029,,,,,,,,,
0.0001,1029,,,,,,,,,
0.0001,1029,,,,,,,,,
0.0001,1029,,,,,,,,,
0.0001,1029,,,,,,,,,
0.0001,1029,,,,,,,,,
0.0001,1029,,,,,,,,,
,1029,0.702052652835846,0.375,0.702052652835846,3,,,,,
0.0001,1039,,,,,,,,,
0.0001,1039,,,,,,,,,
0.0001,1039,,,,,,,,,
0.0001,1039,,,,,,,,,
0.0001,1039,,,,,,,,,
0.0001,1039,,,,,,,,,
0.0001,1039,,,,,,,,,
0.0001,1039,,,,,,,,,
0.0001,1039,,,,,,,,,
0.0001,1039,,,,,,,,,
0.0001,1039,,,,,,,,,
0.0001,1039,,,,,,,,,
0.0001,1039,,,,,,,,,
0.0001,1039,,,,,,,,,
0.0001,1039,,,,,,,,,
0.0001,1039,,,,,,,,,
,1039,0.7071751356124878,0.3125,0.7071751356124878,3,,,,,
0.0001,1049,,,,,,,,,
0.0001,1049,,,,,,,,,
0.0001,1049,,,,,,,,,
0.0001,1049,,,,,,,,,
0.0001,1049,,,,,,,,,
0.0001,1049,,,,,,,,,
0.0001,1049,,,,,,,,,
0.0001,1049,,,,,,,,,
0.0001,1049,,,,,,,,,
0.0001,1049,,,,,,,,,
0.0001,1049,,,,,,,,,
0.0001,1049,,,,,,,,,
0.0001,1049,,,,,,,,,
0.0001,1049,,,,,,,,,
0.0001,1049,,,,,,,,,
0.0001,1049,,,,,,,,,
,1049,0.782037615776062,0.25,0.782037615776062,3,,,,,
0.0001,1059,,,,,,,,,
0.0001,1059,,,,,,,,,
0.0001,1059,,,,,,,,,
0.0001,1059,,,,,,,,,
0.0001,1059,,,,,,,,,
0.0001,1059,,,,,,,,,
0.0001,1059,,,,,,,,,
0.0001,1059,,,,,,,,,
0.0001,1059,,,,,,,,,
0.0001,1059,,,,,,,,,
0.0001,1059,,,,,,,,,
0.0001,1059,,,,,,,,,
0.0001,1059,,,,,,,,,
0.0001,1059,,,,,,,,,
0.0001,1059,,,,,,,,,
0.0001,1059,,,,,,,,,
,1059,0.6931514739990234,0.5,0.6931514739990234,3,,,,,
0.0001,1069,,,,,,,,,
0.0001,1069,,,,,,,,,
0.0001,1069,,,,,,,,,
0.0001,1069,,,,,,,,,
0.0001,1069,,,,,,,,,
0.0001,1069,,,,,,,,,
0.0001,1069,,,,,,,,,
0.0001,1069,,,,,,,,,
0.0001,1069,,,,,,,,,
0.0001,1069,,,,,,,,,
0.0001,1069,,,,,,,,,
0.0001,1069,,,,,,,,,
0.0001,1069,,,,,,,,,
0.0001,1069,,,,,,,,,
0.0001,1069,,,,,,,,,
0.0001,1069,,,,,,,,,
,1069,0.6952188014984131,0.3125,0.6952188014984131,3,,,,,
0.0001,1079,,,,,,,,,
0.0001,1079,,,,,,,,,
0.0001,1079,,,,,,,,,
0.0001,1079,,,,,,,,,
0.0001,1079,,,,,,,,,
0.0001,1079,,,,,,,,,
0.0001,1079,,,,,,,,,
0.0001,1079,,,,,,,,,
0.0001,1079,,,,,,,,,
0.0001,1079,,,,,,,,,
0.0001,1079,,,,,,,,,
0.0001,1079,,,,,,,,,
0.0001,1079,,,,,,,,,
0.0001,1079,,,,,,,,,
0.0001,1079,,,,,,,,,
0.0001,1079,,,,,,,,,
,1079,0.6951993703842163,0.5,0.6951993703842163,3,,,,,
0.0001,1089,,,,,,,,,
0.0001,1089,,,,,,,,,
0.0001,1089,,,,,,,,,
0.0001,1089,,,,,,,,,
0.0001,1089,,,,,,,,,
0.0001,1089,,,,,,,,,
0.0001,1089,,,,,,,,,
0.0001,1089,,,,,,,,,
0.0001,1089,,,,,,,,,
0.0001,1089,,,,,,,,,
0.0001,1089,,,,,,,,,
0.0001,1089,,,,,,,,,
0.0001,1089,,,,,,,,,
0.0001,1089,,,,,,,,,
0.0001,1089,,,,,,,,,
0.0001,1089,,,,,,,,,
,1089,0.6928609609603882,0.5625,0.6928609609603882,3,,,,,
0.0001,1099,,,,,,,,,
0.0001,1099,,,,,,,,,
0.0001,1099,,,,,,,,,
0.0001,1099,,,,,,,,,
0.0001,1099,,,,,,,,,
0.0001,1099,,,,,,,,,
0.0001,1099,,,,,,,,,
0.0001,1099,,,,,,,,,
0.0001,1099,,,,,,,,,
0.0001,1099,,,,,,,,,
0.0001,1099,,,,,,,,,
0.0001,1099,,,,,,,,,
0.0001,1099,,,,,,,,,
0.0001,1099,,,,,,,,,
0.0001,1099,,,,,,,,,
0.0001,1099,,,,,,,,,
,1099,0.6960263252258301,0.5,0.6960263252258301,3,,,,,
0.0001,1109,,,,,,,,,
0.0001,1109,,,,,,,,,
0.0001,1109,,,,,,,,,
0.0001,1109,,,,,,,,,
0.0001,1109,,,,,,,,,
0.0001,1109,,,,,,,,,
0.0001,1109,,,,,,,,,
0.0001,1109,,,,,,,,,
0.0001,1109,,,,,,,,,
0.0001,1109,,,,,,,,,
0.0001,1109,,,,,,,,,
0.0001,1109,,,,,,,,,
0.0001,1109,,,,,,,,,
0.0001,1109,,,,,,,,,
0.0001,1109,,,,,,,,,
0.0001,1109,,,,,,,,,
,1109,0.6922641396522522,0.5625,0.6922641396522522,3,,,,,
0.0001,1119,,,,,,,,,
0.0001,1119,,,,,,,,,
0.0001,1119,,,,,,,,,
0.0001,1119,,,,,,,,,
0.0001,1119,,,,,,,,,
0.0001,1119,,,,,,,,,
0.0001,1119,,,,,,,,,
0.0001,1119,,,,,,,,,
0.0001,1119,,,,,,,,,
0.0001,1119,,,,,,,,,
0.0001,1119,,,,,,,,,
0.0001,1119,,,,,,,,,
0.0001,1119,,,,,,,,,
0.0001,1119,,,,,,,,,
0.0001,1119,,,,,,,,,
0.0001,1119,,,,,,,,,
,1119,0.6890604496002197,0.5625,0.6890604496002197,3,,,,,
0.0001,1129,,,,,,,,,
0.0001,1129,,,,,,,,,
0.0001,1129,,,,,,,,,
0.0001,1129,,,,,,,,,
0.0001,1129,,,,,,,,,
0.0001,1129,,,,,,,,,
0.0001,1129,,,,,,,,,
0.0001,1129,,,,,,,,,
0.0001,1129,,,,,,,,,
0.0001,1129,,,,,,,,,
0.0001,1129,,,,,,,,,
0.0001,1129,,,,,,,,,
0.0001,1129,,,,,,,,,
0.0001,1129,,,,,,,,,
0.0001,1129,,,,,,,,,
0.0001,1129,,,,,,,,,
,1129,0.704143226146698,0.375,0.704143226146698,3,,,,,
0.0001,1139,,,,,,,,,
0.0001,1139,,,,,,,,,
0.0001,1139,,,,,,,,,
0.0001,1139,,,,,,,,,
0.0001,1139,,,,,,,,,
0.0001,1139,,,,,,,,,
0.0001,1139,,,,,,,,,
0.0001,1139,,,,,,,,,
0.0001,1139,,,,,,,,,
0.0001,1139,,,,,,,,,
0.0001,1139,,,,,,,,,
0.0001,1139,,,,,,,,,
0.0001,1139,,,,,,,,,
0.0001,1139,,,,,,,,,
0.0001,1139,,,,,,,,,
0.0001,1139,,,,,,,,,
,1139,0.7067518830299377,0.3125,0.7067518830299377,3,,,,,
0.0001,1149,,,,,,,,,
0.0001,1149,,,,,,,,,
0.0001,1149,,,,,,,,,
0.0001,1149,,,,,,,,,
0.0001,1149,,,,,,,,,
0.0001,1149,,,,,,,,,
0.0001,1149,,,,,,,,,
0.0001,1149,,,,,,,,,
0.0001,1149,,,,,,,,,
0.0001,1149,,,,,,,,,
0.0001,1149,,,,,,,,,
0.0001,1149,,,,,,,,,
0.0001,1149,,,,,,,,,
0.0001,1149,,,,,,,,,
0.0001,1149,,,,,,,,,
0.0001,1149,,,,,,,,,
,1149,0.6818726062774658,0.625,0.6818726062774658,3,,,,,
0.0001,1159,,,,,,,,,
0.0001,1159,,,,,,,,,
0.0001,1159,,,,,,,,,
0.0001,1159,,,,,,,,,
0.0001,1159,,,,,,,,,
0.0001,1159,,,,,,,,,
0.0001,1159,,,,,,,,,
0.0001,1159,,,,,,,,,
0.0001,1159,,,,,,,,,
0.0001,1159,,,,,,,,,
0.0001,1159,,,,,,,,,
0.0001,1159,,,,,,,,,
0.0001,1159,,,,,,,,,
0.0001,1159,,,,,,,,,
0.0001,1159,,,,,,,,,
0.0001,1159,,,,,,,,,
,1159,0.6997555494308472,0.4375,0.6997555494308472,3,,,,,
0.0001,1169,,,,,,,,,
0.0001,1169,,,,,,,,,
0.0001,1169,,,,,,,,,
0.0001,1169,,,,,,,,,
0.0001,1169,,,,,,,,,
0.0001,1169,,,,,,,,,
0.0001,1169,,,,,,,,,
0.0001,1169,,,,,,,,,
0.0001,1169,,,,,,,,,
0.0001,1169,,,,,,,,,
0.0001,1169,,,,,,,,,
0.0001,1169,,,,,,,,,
0.0001,1169,,,,,,,,,
0.0001,1169,,,,,,,,,
0.0001,1169,,,,,,,,,
0.0001,1169,,,,,,,,,
,1169,0.6936586499214172,0.5,0.6936586499214172,3,,,,,
0.0001,1179,,,,,,,,,
0.0001,1179,,,,,,,,,
0.0001,1179,,,,,,,,,
0.0001,1179,,,,,,,,,
0.0001,1179,,,,,,,,,
0.0001,1179,,,,,,,,,
0.0001,1179,,,,,,,,,
0.0001,1179,,,,,,,,,
0.0001,1179,,,,,,,,,
0.0001,1179,,,,,,,,,
0.0001,1179,,,,,,,,,
0.0001,1179,,,,,,,,,
0.0001,1179,,,,,,,,,
0.0001,1179,,,,,,,,,
0.0001,1179,,,,,,,,,
0.0001,1179,,,,,,,,,
,1179,0.6941696405410767,0.375,0.6941696405410767,3,,,,,
0.0001,1189,,,,,,,,,
0.0001,1189,,,,,,,,,
0.0001,1189,,,,,,,,,
0.0001,1189,,,,,,,,,
0.0001,1189,,,,,,,,,
0.0001,1189,,,,,,,,,
0.0001,1189,,,,,,,,,
0.0001,1189,,,,,,,,,
0.0001,1189,,,,,,,,,
0.0001,1189,,,,,,,,,
0.0001,1189,,,,,,,,,
0.0001,1189,,,,,,,,,
0.0001,1189,,,,,,,,,
0.0001,1189,,,,,,,,,
0.0001,1189,,,,,,,,,
0.0001,1189,,,,,,,,,
,1189,0.693429708480835,0.5,0.693429708480835,3,,,,,
0.0001,1199,,,,,,,,,
0.0001,1199,,,,,,,,,
0.0001,1199,,,,,,,,,
0.0001,1199,,,,,,,,,
0.0001,1199,,,,,,,,,
0.0001,1199,,,,,,,,,
0.0001,1199,,,,,,,,,
0.0001,1199,,,,,,,,,
0.0001,1199,,,,,,,,,
0.0001,1199,,,,,,,,,
0.0001,1199,,,,,,,,,
0.0001,1199,,,,,,,,,
0.0001,1199,,,,,,,,,
0.0001,1199,,,,,,,,,
0.0001,1199,,,,,,,,,
0.0001,1199,,,,,,,,,
,1199,0.6921829581260681,0.5625,0.6921829581260681,3,,,,,
0.0001,1209,,,,,,,,,
0.0001,1209,,,,,,,,,
0.0001,1209,,,,,,,,,
0.0001,1209,,,,,,,,,
0.0001,1209,,,,,,,,,
0.0001,1209,,,,,,,,,
0.0001,1209,,,,,,,,,
0.0001,1209,,,,,,,,,
0.0001,1209,,,,,,,,,
0.0001,1209,,,,,,,,,
0.0001,1209,,,,,,,,,
0.0001,1209,,,,,,,,,
0.0001,1209,,,,,,,,,
0.0001,1209,,,,,,,,,
0.0001,1209,,,,,,,,,
0.0001,1209,,,,,,,,,
,1209,0.6902480125427246,0.5625,0.6902480125427246,3,,,,,
0.0001,1219,,,,,,,,,
0.0001,1219,,,,,,,,,
0.0001,1219,,,,,,,,,
0.0001,1219,,,,,,,,,
0.0001,1219,,,,,,,,,
0.0001,1219,,,,,,,,,
0.0001,1219,,,,,,,,,
0.0001,1219,,,,,,,,,
0.0001,1219,,,,,,,,,
0.0001,1219,,,,,,,,,
0.0001,1219,,,,,,,,,
0.0001,1219,,,,,,,,,
0.0001,1219,,,,,,,,,
0.0001,1219,,,,,,,,,
0.0001,1219,,,,,,,,,
0.0001,1219,,,,,,,,,
,1219,0.690199077129364,0.5625,0.690199077129364,3,,,,,
0.0001,1229,,,,,,,,,
0.0001,1229,,,,,,,,,
0.0001,1229,,,,,,,,,
0.0001,1229,,,,,,,,,
0.0001,1229,,,,,,,,,
0.0001,1229,,,,,,,,,
0.0001,1229,,,,,,,,,
0.0001,1229,,,,,,,,,
0.0001,1229,,,,,,,,,
0.0001,1229,,,,,,,,,
0.0001,1229,,,,,,,,,
0.0001,1229,,,,,,,,,
0.0001,1229,,,,,,,,,
0.0001,1229,,,,,,,,,
0.0001,1229,,,,,,,,,
0.0001,1229,,,,,,,,,
,1229,0.6752933263778687,0.6875,0.6752933263778687,3,,,,,
0.0001,1239,,,,,,,,,
0.0001,1239,,,,,,,,,
0.0001,1239,,,,,,,,,
0.0001,1239,,,,,,,,,
0.0001,1239,,,,,,,,,
0.0001,1239,,,,,,,,,
0.0001,1239,,,,,,,,,
0.0001,1239,,,,,,,,,
0.0001,1239,,,,,,,,,
0.0001,1239,,,,,,,,,
0.0001,1239,,,,,,,,,
0.0001,1239,,,,,,,,,
0.0001,1239,,,,,,,,,
0.0001,1239,,,,,,,,,
0.0001,1239,,,,,,,,,
0.0001,1239,,,,,,,,,
,1239,0.6913477182388306,0.5625,0.6913477182388306,3,,,,,
0.0001,1249,,,,,,,,,
0.0001,1249,,,,,,,,,
0.0001,1249,,,,,,,,,
0.0001,1249,,,,,,,,,
0.0001,1249,,,,,,,,,
0.0001,1249,,,,,,,,,
0.0001,1249,,,,,,,,,
0.0001,1249,,,,,,,,,
0.0001,1249,,,,,,,,,
0.0001,1249,,,,,,,,,
0.0001,1249,,,,,,,,,
0.0001,1249,,,,,,,,,
0.0001,1249,,,,,,,,,
0.0001,1249,,,,,,,,,
0.0001,1249,,,,,,,,,
0.0001,1249,,,,,,,,,
,1249,0.6904938220977783,0.625,0.6904938220977783,3,,,,,
0.0001,1259,,,,,,,,,
0.0001,1259,,,,,,,,,
0.0001,1259,,,,,,,,,
0.0001,1259,,,,,,,,,
0.0001,1259,,,,,,,,,
0.0001,1259,,,,,,,,,
0.0001,1259,,,,,,,,,
0.0001,1259,,,,,,,,,
0.0001,1259,,,,,,,,,
0.0001,1259,,,,,,,,,
0.0001,1259,,,,,,,,,
0.0001,1259,,,,,,,,,
0.0001,1259,,,,,,,,,
0.0001,1259,,,,,,,,,
0.0001,1259,,,,,,,,,
0.0001,1259,,,,,,,,,
,1259,0.6906558871269226,0.625,0.6906558871269226,3,,,,,
0.0001,1269,,,,,,,,,
0.0001,1269,,,,,,,,,
0.0001,1269,,,,,,,,,
0.0001,1269,,,,,,,,,
0.0001,1269,,,,,,,,,
0.0001,1269,,,,,,,,,
0.0001,1269,,,,,,,,,
0.0001,1269,,,,,,,,,
0.0001,1269,,,,,,,,,
0.0001,1269,,,,,,,,,
0.0001,1269,,,,,,,,,
0.0001,1269,,,,,,,,,
0.0001,1269,,,,,,,,,
0.0001,1269,,,,,,,,,
0.0001,1269,,,,,,,,,
0.0001,1269,,,,,,,,,
,1269,0.6969592571258545,0.4375,0.6969592571258545,3,,,,,
0.0001,1279,,,,,,,,,
0.0001,1279,,,,,,,,,
0.0001,1279,,,,,,,,,
0.0001,1279,,,,,,,,,
0.0001,1279,,,,,,,,,
0.0001,1279,,,,,,,,,
0.0001,1279,,,,,,,,,
0.0001,1279,,,,,,,,,
0.0001,1279,,,,,,,,,
0.0001,1279,,,,,,,,,
0.0001,1279,,,,,,,,,
0.0001,1279,,,,,,,,,
0.0001,1279,,,,,,,,,
0.0001,1279,,,,,,,,,
0.0001,1279,,,,,,,,,
0.0001,1279,,,,,,,,,
,1279,0.6822306513786316,0.625,0.6822306513786316,3,,,,,
0.0001,1289,,,,,,,,,
0.0001,1289,,,,,,,,,
0.0001,1289,,,,,,,,,
0.0001,1289,,,,,,,,,
0.0001,1289,,,,,,,,,
0.0001,1289,,,,,,,,,
0.0001,1289,,,,,,,,,
0.0001,1289,,,,,,,,,
0.0001,1289,,,,,,,,,
0.0001,1289,,,,,,,,,
0.0001,1289,,,,,,,,,
0.0001,1289,,,,,,,,,
0.0001,1289,,,,,,,,,
0.0001,1289,,,,,,,,,
0.0001,1289,,,,,,,,,
0.0001,1289,,,,,,,,,
,1289,0.6960674524307251,0.4375,0.6960674524307251,3,,,,,
0.0001,1299,,,,,,,,,
0.0001,1299,,,,,,,,,
0.0001,1299,,,,,,,,,
0.0001,1299,,,,,,,,,
0.0001,1299,,,,,,,,,
0.0001,1299,,,,,,,,,
0.0001,1299,,,,,,,,,
0.0001,1299,,,,,,,,,
0.0001,1299,,,,,,,,,
0.0001,1299,,,,,,,,,
0.0001,1299,,,,,,,,,
0.0001,1299,,,,,,,,,
0.0001,1299,,,,,,,,,
0.0001,1299,,,,,,,,,
0.0001,1299,,,,,,,,,
0.0001,1299,,,,,,,,,
,1299,0.680098831653595,0.625,0.680098831653595,3,,,,,
0.0001,1309,,,,,,,,,
0.0001,1309,,,,,,,,,
0.0001,1309,,,,,,,,,
0.0001,1309,,,,,,,,,
0.0001,1309,,,,,,,,,
0.0001,1309,,,,,,,,,
0.0001,1309,,,,,,,,,
0.0001,1309,,,,,,,,,
0.0001,1309,,,,,,,,,
0.0001,1309,,,,,,,,,
0.0001,1309,,,,,,,,,
0.0001,1309,,,,,,,,,
0.0001,1309,,,,,,,,,
0.0001,1309,,,,,,,,,
0.0001,1309,,,,,,,,,
0.0001,1309,,,,,,,,,
,1309,0.6901865005493164,0.625,0.6901865005493164,3,,,,,
0.0001,1319,,,,,,,,,
0.0001,1319,,,,,,,,,
0.0001,1319,,,,,,,,,
0.0001,1319,,,,,,,,,
0.0001,1319,,,,,,,,,
0.0001,1319,,,,,,,,,
0.0001,1319,,,,,,,,,
0.0001,1319,,,,,,,,,
0.0001,1319,,,,,,,,,
0.0001,1319,,,,,,,,,
0.0001,1319,,,,,,,,,
0.0001,1319,,,,,,,,,
0.0001,1319,,,,,,,,,
0.0001,1319,,,,,,,,,
0.0001,1319,,,,,,,,,
0.0001,1319,,,,,,,,,
,1319,0.6952072381973267,0.5,0.6952072381973267,3,,,,,
0.0001,1329,,,,,,,,,
0.0001,1329,,,,,,,,,
0.0001,1329,,,,,,,,,
0.0001,1329,,,,,,,,,
0.0001,1329,,,,,,,,,
0.0001,1329,,,,,,,,,
0.0001,1329,,,,,,,,,
0.0001,1329,,,,,,,,,
0.0001,1329,,,,,,,,,
0.0001,1329,,,,,,,,,
0.0001,1329,,,,,,,,,
0.0001,1329,,,,,,,,,
0.0001,1329,,,,,,,,,
0.0001,1329,,,,,,,,,
0.0001,1329,,,,,,,,,
0.0001,1329,,,,,,,,,
,1329,0.6931706666946411,0.5,0.6931706666946411,3,,,,,
0.0001,1339,,,,,,,,,
0.0001,1339,,,,,,,,,
0.0001,1339,,,,,,,,,
0.0001,1339,,,,,,,,,
0.0001,1339,,,,,,,,,
0.0001,1339,,,,,,,,,
0.0001,1339,,,,,,,,,
0.0001,1339,,,,,,,,,
0.0001,1339,,,,,,,,,
0.0001,1339,,,,,,,,,
0.0001,1339,,,,,,,,,
0.0001,1339,,,,,,,,,
0.0001,1339,,,,,,,,,
0.0001,1339,,,,,,,,,
0.0001,1339,,,,,,,,,
0.0001,1339,,,,,,,,,
,1339,0.6938378810882568,0.4375,0.6938378810882568,3,,,,,
0.0001,1349,,,,,,,,,
0.0001,1349,,,,,,,,,
0.0001,1349,,,,,,,,,
0.0001,1349,,,,,,,,,
0.0001,1349,,,,,,,,,
0.0001,1349,,,,,,,,,
0.0001,1349,,,,,,,,,
0.0001,1349,,,,,,,,,
0.0001,1349,,,,,,,,,
0.0001,1349,,,,,,,,,
0.0001,1349,,,,,,,,,
0.0001,1349,,,,,,,,,
0.0001,1349,,,,,,,,,
0.0001,1349,,,,,,,,,
0.0001,1349,,,,,,,,,
0.0001,1349,,,,,,,,,
,1349,0.6623638868331909,0.6875,0.6623638868331909,3,,,,,
,1351,,,nan,3,nan,nan,,,
,1351,,,,3,,,0.502714991569519,0.6941524147987366,0.502714991569519
0.0001,1359,,,,,,,,,
0.0001,1359,,,,,,,,,
0.0001,1359,,,,,,,,,
0.0001,1359,,,,,,,,,
0.0001,1359,,,,,,,,,
0.0001,1359,,,,,,,,,
0.0001,1359,,,,,,,,,
0.0001,1359,,,,,,,,,
0.0001,1359,,,,,,,,,
0.0001,1359,,,,,,,,,
0.0001,1359,,,,,,,,,
0.0001,1359,,,,,,,,,
0.0001,1359,,,,,,,,,
0.0001,1359,,,,,,,,,
0.0001,1359,,,,,,,,,
0.0001,1359,,,,,,,,,
,1359,0.7006613612174988,0.375,0.7006613612174988,4,,,,,
0.0001,1369,,,,,,,,,
0.0001,1369,,,,,,,,,
0.0001,1369,,,,,,,,,
0.0001,1369,,,,,,,,,
0.0001,1369,,,,,,,,,
0.0001,1369,,,,,,,,,
0.0001,1369,,,,,,,,,
0.0001,1369,,,,,,,,,
0.0001,1369,,,,,,,,,
0.0001,1369,,,,,,,,,
0.0001,1369,,,,,,,,,
0.0001,1369,,,,,,,,,
0.0001,1369,,,,,,,,,
0.0001,1369,,,,,,,,,
0.0001,1369,,,,,,,,,
0.0001,1369,,,,,,,,,
,1369,0.7065936923027039,0.375,0.7065936923027039,4,,,,,
0.0001,1379,,,,,,,,,
0.0001,1379,,,,,,,,,
0.0001,1379,,,,,,,,,
0.0001,1379,,,,,,,,,
0.0001,1379,,,,,,,,,
0.0001,1379,,,,,,,,,
0.0001,1379,,,,,,,,,
0.0001,1379,,,,,,,,,
0.0001,1379,,,,,,,,,
0.0001,1379,,,,,,,,,
0.0001,1379,,,,,,,,,
0.0001,1379,,,,,,,,,
0.0001,1379,,,,,,,,,
0.0001,1379,,,,,,,,,
0.0001,1379,,,,,,,,,
0.0001,1379,,,,,,,,,
,1379,0.7010778784751892,0.4375,0.7010778784751892,4,,,,,
0.0001,1389,,,,,,,,,
0.0001,1389,,,,,,,,,
0.0001,1389,,,,,,,,,
0.0001,1389,,,,,,,,,
0.0001,1389,,,,,,,,,
0.0001,1389,,,,,,,,,
0.0001,1389,,,,,,,,,
0.0001,1389,,,,,,,,,
0.0001,1389,,,,,,,,,
0.0001,1389,,,,,,,,,
0.0001,1389,,,,,,,,,
0.0001,1389,,,,,,,,,
0.0001,1389,,,,,,,,,
0.0001,1389,,,,,,,,,
0.0001,1389,,,,,,,,,
0.0001,1389,,,,,,,,,
,1389,0.6896296739578247,0.625,0.6896296739578247,4,,,,,
0.0001,1399,,,,,,,,,
0.0001,1399,,,,,,,,,
0.0001,1399,,,,,,,,,
0.0001,1399,,,,,,,,,
0.0001,1399,,,,,,,,,
0.0001,1399,,,,,,,,,
0.0001,1399,,,,,,,,,
0.0001,1399,,,,,,,,,
0.0001,1399,,,,,,,,,
0.0001,1399,,,,,,,,,
0.0001,1399,,,,,,,,,
0.0001,1399,,,,,,,,,
0.0001,1399,,,,,,,,,
0.0001,1399,,,,,,,,,
0.0001,1399,,,,,,,,,
0.0001,1399,,,,,,,,,
,1399,0.6940804123878479,0.5,0.6940804123878479,4,,,,,
0.0001,1409,,,,,,,,,
0.0001,1409,,,,,,,,,
0.0001,1409,,,,,,,,,
0.0001,1409,,,,,,,,,
0.0001,1409,,,,,,,,,
0.0001,1409,,,,,,,,,
0.0001,1409,,,,,,,,,
0.0001,1409,,,,,,,,,
0.0001,1409,,,,,,,,,
0.0001,1409,,,,,,,,,
0.0001,1409,,,,,,,,,
0.0001,1409,,,,,,,,,
0.0001,1409,,,,,,,,,
0.0001,1409,,,,,,,,,
0.0001,1409,,,,,,,,,
0.0001,1409,,,,,,,,,
,1409,0.6987729668617249,0.375,0.6987729668617249,4,,,,,
0.0001,1419,,,,,,,,,
0.0001,1419,,,,,,,,,
0.0001,1419,,,,,,,,,
0.0001,1419,,,,,,,,,
0.0001,1419,,,,,,,,,
0.0001,1419,,,,,,,,,
0.0001,1419,,,,,,,,,
0.0001,1419,,,,,,,,,
0.0001,1419,,,,,,,,,
0.0001,1419,,,,,,,,,
0.0001,1419,,,,,,,,,
0.0001,1419,,,,,,,,,
0.0001,1419,,,,,,,,,
0.0001,1419,,,,,,,,,
0.0001,1419,,,,,,,,,
0.0001,1419,,,,,,,,,
,1419,0.6942928433418274,0.375,0.6942928433418274,4,,,,,
0.0001,1429,,,,,,,,,
0.0001,1429,,,,,,,,,
0.0001,1429,,,,,,,,,
0.0001,1429,,,,,,,,,
0.0001,1429,,,,,,,,,
0.0001,1429,,,,,,,,,
0.0001,1429,,,,,,,,,
0.0001,1429,,,,,,,,,
0.0001,1429,,,,,,,,,
0.0001,1429,,,,,,,,,
0.0001,1429,,,,,,,,,
0.0001,1429,,,,,,,,,
0.0001,1429,,,,,,,,,
0.0001,1429,,,,,,,,,
0.0001,1429,,,,,,,,,
0.0001,1429,,,,,,,,,
,1429,0.692456841468811,0.6875,0.692456841468811,4,,,,,
0.0001,1439,,,,,,,,,
0.0001,1439,,,,,,,,,
0.0001,1439,,,,,,,,,
0.0001,1439,,,,,,,,,
0.0001,1439,,,,,,,,,
0.0001,1439,,,,,,,,,
0.0001,1439,,,,,,,,,
0.0001,1439,,,,,,,,,
0.0001,1439,,,,,,,,,
0.0001,1439,,,,,,,,,
0.0001,1439,,,,,,,,,
0.0001,1439,,,,,,,,,
0.0001,1439,,,,,,,,,
0.0001,1439,,,,,,,,,
0.0001,1439,,,,,,,,,
0.0001,1439,,,,,,,,,
,1439,0.7059600353240967,0.25,0.7059600353240967,4,,,,,
0.0001,1449,,,,,,,,,
0.0001,1449,,,,,,,,,
0.0001,1449,,,,,,,,,
0.0001,1449,,,,,,,,,
0.0001,1449,,,,,,,,,
0.0001,1449,,,,,,,,,
0.0001,1449,,,,,,,,,
0.0001,1449,,,,,,,,,
0.0001,1449,,,,,,,,,
0.0001,1449,,,,,,,,,
0.0001,1449,,,,,,,,,
0.0001,1449,,,,,,,,,
0.0001,1449,,,,,,,,,
0.0001,1449,,,,,,,,,
0.0001,1449,,,,,,,,,
0.0001,1449,,,,,,,,,
,1449,0.6939750909805298,0.5,0.6939750909805298,4,,,,,
0.0001,1459,,,,,,,,,
0.0001,1459,,,,,,,,,
0.0001,1459,,,,,,,,,
0.0001,1459,,,,,,,,,
0.0001,1459,,,,,,,,,
0.0001,1459,,,,,,,,,
0.0001,1459,,,,,,,,,
0.0001,1459,,,,,,,,,
0.0001,1459,,,,,,,,,
0.0001,1459,,,,,,,,,
0.0001,1459,,,,,,,,,
0.0001,1459,,,,,,,,,
0.0001,1459,,,,,,,,,
0.0001,1459,,,,,,,,,
0.0001,1459,,,,,,,,,
0.0001,1459,,,,,,,,,
,1459,0.6982839703559875,0.4375,0.6982839703559875,4,,,,,
0.0001,1469,,,,,,,,,
0.0001,1469,,,,,,,,,
0.0001,1469,,,,,,,,,
0.0001,1469,,,,,,,,,
0.0001,1469,,,,,,,,,
0.0001,1469,,,,,,,,,
0.0001,1469,,,,,,,,,
0.0001,1469,,,,,,,,,
0.0001,1469,,,,,,,,,
0.0001,1469,,,,,,,,,
0.0001,1469,,,,,,,,,
0.0001,1469,,,,,,,,,
0.0001,1469,,,,,,,,,
0.0001,1469,,,,,,,,,
0.0001,1469,,,,,,,,,
0.0001,1469,,,,,,,,,
,1469,0.6894546747207642,0.75,0.6894546747207642,4,,,,,
0.0001,1479,,,,,,,,,
0.0001,1479,,,,,,,,,
0.0001,1479,,,,,,,,,
0.0001,1479,,,,,,,,,
0.0001,1479,,,,,,,,,
0.0001,1479,,,,,,,,,
0.0001,1479,,,,,,,,,
0.0001,1479,,,,,,,,,
0.0001,1479,,,,,,,,,
0.0001,1479,,,,,,,,,
0.0001,1479,,,,,,,,,
0.0001,1479,,,,,,,,,
0.0001,1479,,,,,,,,,
0.0001,1479,,,,,,,,,
0.0001,1479,,,,,,,,,
0.0001,1479,,,,,,,,,
,1479,0.7006787657737732,0.4375,0.7006787657737732,4,,,,,
0.0001,1489,,,,,,,,,
0.0001,1489,,,,,,,,,
0.0001,1489,,,,,,,,,
0.0001,1489,,,,,,,,,
0.0001,1489,,,,,,,,,
0.0001,1489,,,,,,,,,
0.0001,1489,,,,,,,,,
0.0001,1489,,,,,,,,,
0.0001,1489,,,,,,,,,
0.0001,1489,,,,,,,,,
0.0001,1489,,,,,,,,,
0.0001,1489,,,,,,,,,
0.0001,1489,,,,,,,,,
0.0001,1489,,,,,,,,,
0.0001,1489,,,,,,,,,
0.0001,1489,,,,,,,,,
,1489,0.6960752606391907,0.4375,0.6960752606391907,4,,,,,
0.0001,1499,,,,,,,,,
0.0001,1499,,,,,,,,,
0.0001,1499,,,,,,,,,
0.0001,1499,,,,,,,,,
0.0001,1499,,,,,,,,,
0.0001,1499,,,,,,,,,
0.0001,1499,,,,,,,,,
0.0001,1499,,,,,,,,,
0.0001,1499,,,,,,,,,
0.0001,1499,,,,,,,,,
0.0001,1499,,,,,,,,,
0.0001,1499,,,,,,,,,
0.0001,1499,,,,,,,,,
0.0001,1499,,,,,,,,,
0.0001,1499,,,,,,,,,
0.0001,1499,,,,,,,,,
,1499,0.697379469871521,0.375,0.697379469871521,4,,,,,
0.0001,1509,,,,,,,,,
0.0001,1509,,,,,,,,,
0.0001,1509,,,,,,,,,
0.0001,1509,,,,,,,,,
0.0001,1509,,,,,,,,,
0.0001,1509,,,,,,,,,
0.0001,1509,,,,,,,,,
0.0001,1509,,,,,,,,,
0.0001,1509,,,,,,,,,
0.0001,1509,,,,,,,,,
0.0001,1509,,,,,,,,,
0.0001,1509,,,,,,,,,
0.0001,1509,,,,,,,,,
0.0001,1509,,,,,,,,,
0.0001,1509,,,,,,,,,
0.0001,1509,,,,,,,,,
,1509,0.6908106803894043,0.6875,0.6908106803894043,4,,,,,
0.0001,1519,,,,,,,,,
0.0001,1519,,,,,,,,,
0.0001,1519,,,,,,,,,
0.0001,1519,,,,,,,,,
0.0001,1519,,,,,,,,,
0.0001,1519,,,,,,,,,
0.0001,1519,,,,,,,,,
0.0001,1519,,,,,,,,,
0.0001,1519,,,,,,,,,
0.0001,1519,,,,,,,,,
0.0001,1519,,,,,,,,,
0.0001,1519,,,,,,,,,
0.0001,1519,,,,,,,,,
0.0001,1519,,,,,,,,,
0.0001,1519,,,,,,,,,
0.0001,1519,,,,,,,,,
,1519,0.7017802596092224,0.375,0.7017802596092224,4,,,,,
0.0001,1529,,,,,,,,,
0.0001,1529,,,,,,,,,
0.0001,1529,,,,,,,,,
0.0001,1529,,,,,,,,,
0.0001,1529,,,,,,,,,
0.0001,1529,,,,,,,,,
0.0001,1529,,,,,,,,,
0.0001,1529,,,,,,,,,
0.0001,1529,,,,,,,,,
0.0001,1529,,,,,,,,,
0.0001,1529,,,,,,,,,
0.0001,1529,,,,,,,,,
0.0001,1529,,,,,,,,,
0.0001,1529,,,,,,,,,
0.0001,1529,,,,,,,,,
0.0001,1529,,,,,,,,,
,1529,0.6972715854644775,0.375,0.6972715854644775,4,,,,,
0.0001,1539,,,,,,,,,
0.0001,1539,,,,,,,,,
0.0001,1539,,,,,,,,,
0.0001,1539,,,,,,,,,
0.0001,1539,,,,,,,,,
0.0001,1539,,,,,,,,,
0.0001,1539,,,,,,,,,
0.0001,1539,,,,,,,,,
0.0001,1539,,,,,,,,,
0.0001,1539,,,,,,,,,
0.0001,1539,,,,,,,,,
0.0001,1539,,,,,,,,,
0.0001,1539,,,,,,,,,
0.0001,1539,,,,,,,,,
0.0001,1539,,,,,,,,,
0.0001,1539,,,,,,,,,
,1539,0.6892263293266296,0.5625,0.6892263293266296,4,,,,,
0.0001,1549,,,,,,,,,
0.0001,1549,,,,,,,,,
0.0001,1549,,,,,,,,,
0.0001,1549,,,,,,,,,
0.0001,1549,,,,,,,,,
0.0001,1549,,,,,,,,,
0.0001,1549,,,,,,,,,
0.0001,1549,,,,,,,,,
0.0001,1549,,,,,,,,,
0.0001,1549,,,,,,,,,
0.0001,1549,,,,,,,,,
0.0001,1549,,,,,,,,,
0.0001,1549,,,,,,,,,
0.0001,1549,,,,,,,,,
0.0001,1549,,,,,,,,,
0.0001,1549,,,,,,,,,
,1549,0.6961044073104858,0.4375,0.6961044073104858,4,,,,,
0.0001,1559,,,,,,,,,
0.0001,1559,,,,,,,,,
0.0001,1559,,,,,,,,,
0.0001,1559,,,,,,,,,
0.0001,1559,,,,,,,,,
0.0001,1559,,,,,,,,,
0.0001,1559,,,,,,,,,
0.0001,1559,,,,,,,,,
0.0001,1559,,,,,,,,,
0.0001,1559,,,,,,,,,
0.0001,1559,,,,,,,,,
0.0001,1559,,,,,,,,,
0.0001,1559,,,,,,,,,
0.0001,1559,,,,,,,,,
0.0001,1559,,,,,,,,,
0.0001,1559,,,,,,,,,
,1559,0.6930993795394897,0.625,0.6930993795394897,4,,,,,
0.0001,1569,,,,,,,,,
0.0001,1569,,,,,,,,,
0.0001,1569,,,,,,,,,
0.0001,1569,,,,,,,,,
0.0001,1569,,,,,,,,,
0.0001,1569,,,,,,,,,
0.0001,1569,,,,,,,,,
0.0001,1569,,,,,,,,,
0.0001,1569,,,,,,,,,
0.0001,1569,,,,,,,,,
0.0001,1569,,,,,,,,,
0.0001,1569,,,,,,,,,
0.0001,1569,,,,,,,,,
0.0001,1569,,,,,,,,,
0.0001,1569,,,,,,,,,
0.0001,1569,,,,,,,,,
,1569,0.6943448781967163,0.5,0.6943448781967163,4,,,,,
0.0001,1579,,,,,,,,,
0.0001,1579,,,,,,,,,
0.0001,1579,,,,,,,,,
0.0001,1579,,,,,,,,,
0.0001,1579,,,,,,,,,
0.0001,1579,,,,,,,,,
0.0001,1579,,,,,,,,,
0.0001,1579,,,,,,,,,
0.0001,1579,,,,,,,,,
0.0001,1579,,,,,,,,,
0.0001,1579,,,,,,,,,
0.0001,1579,,,,,,,,,
0.0001,1579,,,,,,,,,
0.0001,1579,,,,,,,,,
0.0001,1579,,,,,,,,,
0.0001,1579,,,,,,,,,
,1579,0.6980028748512268,0.375,0.6980028748512268,4,,,,,
0.0001,1589,,,,,,,,,
0.0001,1589,,,,,,,,,
0.0001,1589,,,,,,,,,
0.0001,1589,,,,,,,,,
0.0001,1589,,,,,,,,,
0.0001,1589,,,,,,,,,
0.0001,1589,,,,,,,,,
0.0001,1589,,,,,,,,,
0.0001,1589,,,,,,,,,
0.0001,1589,,,,,,,,,
0.0001,1589,,,,,,,,,
0.0001,1589,,,,,,,,,
0.0001,1589,,,,,,,,,
0.0001,1589,,,,,,,,,
0.0001,1589,,,,,,,,,
0.0001,1589,,,,,,,,,
,1589,0.6893535256385803,0.5625,0.6893535256385803,4,,,,,
0.0001,1599,,,,,,,,,
0.0001,1599,,,,,,,,,
0.0001,1599,,,,,,,,,
0.0001,1599,,,,,,,,,
0.0001,1599,,,,,,,,,
0.0001,1599,,,,,,,,,
0.0001,1599,,,,,,,,,
0.0001,1599,,,,,,,,,
0.0001,1599,,,,,,,,,
0.0001,1599,,,,,,,,,
0.0001,1599,,,,,,,,,
0.0001,1599,,,,,,,,,
0.0001,1599,,,,,,,,,
0.0001,1599,,,,,,,,,
0.0001,1599,,,,,,,,,
0.0001,1599,,,,,,,,,
,1599,0.6817768216133118,0.6875,0.6817768216133118,4,,,,,
0.0001,1609,,,,,,,,,
0.0001,1609,,,,,,,,,
0.0001,1609,,,,,,,,,
0.0001,1609,,,,,,,,,
0.0001,1609,,,,,,,,,
0.0001,1609,,,,,,,,,
0.0001,1609,,,,,,,,,
0.0001,1609,,,,,,,,,
0.0001,1609,,,,,,,,,
0.0001,1609,,,,,,,,,
0.0001,1609,,,,,,,,,
0.0001,1609,,,,,,,,,
0.0001,1609,,,,,,,,,
0.0001,1609,,,,,,,,,
0.0001,1609,,,,,,,,,
0.0001,1609,,,,,,,,,
,1609,0.6558037400245667,0.875,0.6558037400245667,4,,,,,
0.0001,1619,,,,,,,,,
0.0001,1619,,,,,,,,,
0.0001,1619,,,,,,,,,
0.0001,1619,,,,,,,,,
0.0001,1619,,,,,,,,,
0.0001,1619,,,,,,,,,
0.0001,1619,,,,,,,,,
0.0001,1619,,,,,,,,,
0.0001,1619,,,,,,,,,
0.0001,1619,,,,,,,,,
0.0001,1619,,,,,,,,,
0.0001,1619,,,,,,,,,
0.0001,1619,,,,,,,,,
0.0001,1619,,,,,,,,,
0.0001,1619,,,,,,,,,
0.0001,1619,,,,,,,,,
,1619,0.6971604824066162,0.4375,0.6971604824066162,4,,,,,
0.0001,1629,,,,,,,,,
0.0001,1629,,,,,,,,,
0.0001,1629,,,,,,,,,
0.0001,1629,,,,,,,,,
0.0001,1629,,,,,,,,,
0.0001,1629,,,,,,,,,
0.0001,1629,,,,,,,,,
0.0001,1629,,,,,,,,,
0.0001,1629,,,,,,,,,
0.0001,1629,,,,,,,,,
0.0001,1629,,,,,,,,,
0.0001,1629,,,,,,,,,
0.0001,1629,,,,,,,,,
0.0001,1629,,,,,,,,,
0.0001,1629,,,,,,,,,
0.0001,1629,,,,,,,,,
,1629,0.7085922956466675,0.375,0.7085922956466675,4,,,,,
0.0001,1639,,,,,,,,,
0.0001,1639,,,,,,,,,
0.0001,1639,,,,,,,,,
0.0001,1639,,,,,,,,,
0.0001,1639,,,,,,,,,
0.0001,1639,,,,,,,,,
0.0001,1639,,,,,,,,,
0.0001,1639,,,,,,,,,
0.0001,1639,,,,,,,,,
0.0001,1639,,,,,,,,,
0.0001,1639,,,,,,,,,
0.0001,1639,,,,,,,,,
0.0001,1639,,,,,,,,,
0.0001,1639,,,,,,,,,
0.0001,1639,,,,,,,,,
0.0001,1639,,,,,,,,,
,1639,0.6906958222389221,0.625,0.6906958222389221,4,,,,,
0.0001,1649,,,,,,,,,
0.0001,1649,,,,,,,,,
0.0001,1649,,,,,,,,,
0.0001,1649,,,,,,,,,
0.0001,1649,,,,,,,,,
0.0001,1649,,,,,,,,,
0.0001,1649,,,,,,,,,
0.0001,1649,,,,,,,,,
0.0001,1649,,,,,,,,,
0.0001,1649,,,,,,,,,
0.0001,1649,,,,,,,,,
0.0001,1649,,,,,,,,,
0.0001,1649,,,,,,,,,
0.0001,1649,,,,,,,,,
0.0001,1649,,,,,,,,,
0.0001,1649,,,,,,,,,
,1649,0.6703537106513977,0.6875,0.6703537106513977,4,,,,,
0.0001,1659,,,,,,,,,
0.0001,1659,,,,,,,,,
0.0001,1659,,,,,,,,,
0.0001,1659,,,,,,,,,
0.0001,1659,,,,,,,,,
0.0001,1659,,,,,,,,,
0.0001,1659,,,,,,,,,
0.0001,1659,,,,,,,,,
0.0001,1659,,,,,,,,,
0.0001,1659,,,,,,,,,
0.0001,1659,,,,,,,,,
0.0001,1659,,,,,,,,,
0.0001,1659,,,,,,,,,
0.0001,1659,,,,,,,,,
0.0001,1659,,,,,,,,,
0.0001,1659,,,,,,,,,
,1659,0.6926268339157104,0.625,0.6926268339157104,4,,,,,
0.0001,1669,,,,,,,,,
0.0001,1669,,,,,,,,,
0.0001,1669,,,,,,,,,
0.0001,1669,,,,,,,,,
0.0001,1669,,,,,,,,,
0.0001,1669,,,,,,,,,
0.0001,1669,,,,,,,,,
0.0001,1669,,,,,,,,,
0.0001,1669,,,,,,,,,
0.0001,1669,,,,,,,,,
0.0001,1669,,,,,,,,,
0.0001,1669,,,,,,,,,
0.0001,1669,,,,,,,,,
0.0001,1669,,,,,,,,,
0.0001,1669,,,,,,,,,
0.0001,1669,,,,,,,,,
,1669,0.696707010269165,0.375,0.696707010269165,4,,,,,
0.0001,1679,,,,,,,,,
0.0001,1679,,,,,,,,,
0.0001,1679,,,,,,,,,
0.0001,1679,,,,,,,,,
0.0001,1679,,,,,,,,,
0.0001,1679,,,,,,,,,
0.0001,1679,,,,,,,,,
0.0001,1679,,,,,,,,,
0.0001,1679,,,,,,,,,
0.0001,1679,,,,,,,,,
0.0001,1679,,,,,,,,,
0.0001,1679,,,,,,,,,
0.0001,1679,,,,,,,,,
0.0001,1679,,,,,,,,,
0.0001,1679,,,,,,,,,
0.0001,1679,,,,,,,,,
,1679,0.6915369629859924,0.625,0.6915369629859924,4,,,,,
0.0001,1689,,,,,,,,,
0.0001,1689,,,,,,,,,
0.0001,1689,,,,,,,,,
0.0001,1689,,,,,,,,,
0.0001,1689,,,,,,,,,
0.0001,1689,,,,,,,,,
0.0001,1689,,,,,,,,,
,1689,0.7325559854507446,0.20000000298023224,0.7325559854507446,4,,,,,
,1689,,,nan,4,nan,nan,,,
,1689,,,,4,,,0.5023329257965088,0.6937175393104553,0.5023329257965088
0.0001,1699,,,,,,,,,
0.0001,1699,,,,,,,,,
0.0001,1699,,,,,,,,,
0.0001,1699,,,,,,,,,
0.0001,1699,,,,,,,,,
0.0001,1699,,,,,,,,,
0.0001,1699,,,,,,,,,
0.0001,1699,,,,,,,,,
0.0001,1699,,,,,,,,,
0.0001,1699,,,,,,,,,
0.0001,1699,,,,,,,,,
0.0001,1699,,,,,,,,,
0.0001,1699,,,,,,,,,
0.0001,1699,,,,,,,,,
0.0001,1699,,,,,,,,,
0.0001,1699,,,,,,,,,
,1699,0.6841485500335693,0.625,0.6841485500335693,5,,,,,
0.0001,1709,,,,,,,,,
0.0001,1709,,,,,,,,,
0.0001,1709,,,,,,,,,
0.0001,1709,,,,,,,,,
0.0001,1709,,,,,,,,,
0.0001,1709,,,,,,,,,
0.0001,1709,,,,,,,,,
0.0001,1709,,,,,,,,,
0.0001,1709,,,,,,,,,
0.0001,1709,,,,,,,,,
0.0001,1709,,,,,,,,,
0.0001,1709,,,,,,,,,
0.0001,1709,,,,,,,,,
0.0001,1709,,,,,,,,,
0.0001,1709,,,,,,,,,
0.0001,1709,,,,,,,,,
,1709,0.68912672996521,0.5625,0.68912672996521,5,,,,,
0.0001,1719,,,,,,,,,
0.0001,1719,,,,,,,,,
0.0001,1719,,,,,,,,,
0.0001,1719,,,,,,,,,
0.0001,1719,,,,,,,,,
0.0001,1719,,,,,,,,,
0.0001,1719,,,,,,,,,
0.0001,1719,,,,,,,,,
0.0001,1719,,,,,,,,,
0.0001,1719,,,,,,,,,
0.0001,1719,,,,,,,,,
0.0001,1719,,,,,,,,,
0.0001,1719,,,,,,,,,
0.0001,1719,,,,,,,,,
0.0001,1719,,,,,,,,,
0.0001,1719,,,,,,,,,
,1719,0.6877219080924988,0.5625,0.6877219080924988,5,,,,,
0.0001,1729,,,,,,,,,
0.0001,1729,,,,,,,,,
0.0001,1729,,,,,,,,,
0.0001,1729,,,,,,,,,
0.0001,1729,,,,,,,,,
0.0001,1729,,,,,,,,,
0.0001,1729,,,,,,,,,
0.0001,1729,,,,,,,,,
0.0001,1729,,,,,,,,,
0.0001,1729,,,,,,,,,
0.0001,1729,,,,,,,,,
0.0001,1729,,,,,,,,,
0.0001,1729,,,,,,,,,
0.0001,1729,,,,,,,,,
0.0001,1729,,,,,,,,,
0.0001,1729,,,,,,,,,
,1729,0.6931554675102234,0.5,0.6931554675102234,5,,,,,
0.0001,1739,,,,,,,,,
0.0001,1739,,,,,,,,,
0.0001,1739,,,,,,,,,
0.0001,1739,,,,,,,,,
0.0001,1739,,,,,,,,,
0.0001,1739,,,,,,,,,
0.0001,1739,,,,,,,,,
0.0001,1739,,,,,,,,,
0.0001,1739,,,,,,,,,
0.0001,1739,,,,,,,,,
0.0001,1739,,,,,,,,,
0.0001,1739,,,,,,,,,
0.0001,1739,,,,,,,,,
0.0001,1739,,,,,,,,,
0.0001,1739,,,,,,,,,
0.0001,1739,,,,,,,,,
,1739,0.6933817267417908,0.5,0.6933817267417908,5,,,,,
0.0001,1749,,,,,,,,,
0.0001,1749,,,,,,,,,
0.0001,1749,,,,,,,,,
0.0001,1749,,,,,,,,,
0.0001,1749,,,,,,,,,
0.0001,1749,,,,,,,,,
0.0001,1749,,,,,,,,,
0.0001,1749,,,,,,,,,
0.0001,1749,,,,,,,,,
0.0001,1749,,,,,,,,,
0.0001,1749,,,,,,,,,
0.0001,1749,,,,,,,,,
0.0001,1749,,,,,,,,,
0.0001,1749,,,,,,,,,
0.0001,1749,,,,,,,,,
0.0001,1749,,,,,,,,,
,1749,0.6922329664230347,0.5625,0.6922329664230347,5,,,,,
0.0001,1759,,,,,,,,,
0.0001,1759,,,,,,,,,
0.0001,1759,,,,,,,,,
0.0001,1759,,,,,,,,,
0.0001,1759,,,,,,,,,
0.0001,1759,,,,,,,,,
0.0001,1759,,,,,,,,,
0.0001,1759,,,,,,,,,
0.0001,1759,,,,,,,,,
0.0001,1759,,,,,,,,,
0.0001,1759,,,,,,,,,
0.0001,1759,,,,,,,,,
0.0001,1759,,,,,,,,,
0.0001,1759,,,,,,,,,
0.0001,1759,,,,,,,,,
0.0001,1759,,,,,,,,,
,1759,0.6939990520477295,0.5,0.6939990520477295,5,,,,,
0.0001,1769,,,,,,,,,
0.0001,1769,,,,,,,,,
0.0001,1769,,,,,,,,,
0.0001,1769,,,,,,,,,
0.0001,1769,,,,,,,,,
0.0001,1769,,,,,,,,,
0.0001,1769,,,,,,,,,
0.0001,1769,,,,,,,,,
0.0001,1769,,,,,,,,,
0.0001,1769,,,,,,,,,
0.0001,1769,,,,,,,,,
0.0001,1769,,,,,,,,,
0.0001,1769,,,,,,,,,
0.0001,1769,,,,,,,,,
0.0001,1769,,,,,,,,,
0.0001,1769,,,,,,,,,
,1769,0.6911484003067017,0.5625,0.6911484003067017,5,,,,,
0.0001,1779,,,,,,,,,
0.0001,1779,,,,,,,,,
0.0001,1779,,,,,,,,,
0.0001,1779,,,,,,,,,
0.0001,1779,,,,,,,,,
0.0001,1779,,,,,,,,,
0.0001,1779,,,,,,,,,
0.0001,1779,,,,,,,,,
0.0001,1779,,,,,,,,,
0.0001,1779,,,,,,,,,
0.0001,1779,,,,,,,,,
0.0001,1779,,,,,,,,,
0.0001,1779,,,,,,,,,
0.0001,1779,,,,,,,,,
0.0001,1779,,,,,,,,,
0.0001,1779,,,,,,,,,
,1779,0.6949042081832886,0.5,0.6949042081832886,5,,,,,
0.0001,1789,,,,,,,,,
0.0001,1789,,,,,,,,,
0.0001,1789,,,,,,,,,
0.0001,1789,,,,,,,,,
0.0001,1789,,,,,,,,,
0.0001,1789,,,,,,,,,
0.0001,1789,,,,,,,,,
0.0001,1789,,,,,,,,,
0.0001,1789,,,,,,,,,
0.0001,1789,,,,,,,,,
0.0001,1789,,,,,,,,,
0.0001,1789,,,,,,,,,
0.0001,1789,,,,,,,,,
0.0001,1789,,,,,,,,,
0.0001,1789,,,,,,,,,
0.0001,1789,,,,,,,,,
,1789,0.6922471523284912,0.5625,0.6922471523284912,5,,,,,
0.0001,1799,,,,,,,,,
0.0001,1799,,,,,,,,,
0.0001,1799,,,,,,,,,
0.0001,1799,,,,,,,,,
0.0001,1799,,,,,,,,,
0.0001,1799,,,,,,,,,
0.0001,1799,,,,,,,,,
0.0001,1799,,,,,,,,,
0.0001,1799,,,,,,,,,
0.0001,1799,,,,,,,,,
0.0001,1799,,,,,,,,,
0.0001,1799,,,,,,,,,
0.0001,1799,,,,,,,,,
0.0001,1799,,,,,,,,,
0.0001,1799,,,,,,,,,
0.0001,1799,,,,,,,,,
,1799,0.6902283430099487,0.625,0.6902283430099487,5,,,,,
0.0001,1809,,,,,,,,,
0.0001,1809,,,,,,,,,
0.0001,1809,,,,,,,,,
0.0001,1809,,,,,,,,,
0.0001,1809,,,,,,,,,
0.0001,1809,,,,,,,,,
0.0001,1809,,,,,,,,,
0.0001,1809,,,,,,,,,
0.0001,1809,,,,,,,,,
0.0001,1809,,,,,,,,,
0.0001,1809,,,,,,,,,
0.0001,1809,,,,,,,,,
0.0001,1809,,,,,,,,,
0.0001,1809,,,,,,,,,
0.0001,1809,,,,,,,,,
0.0001,1809,,,,,,,,,
,1809,0.6931473016738892,0.5,0.6931473016738892,5,,,,,
0.0001,1819,,,,,,,,,
0.0001,1819,,,,,,,,,
0.0001,1819,,,,,,,,,
0.0001,1819,,,,,,,,,
0.0001,1819,,,,,,,,,
0.0001,1819,,,,,,,,,
0.0001,1819,,,,,,,,,
0.0001,1819,,,,,,,,,
0.0001,1819,,,,,,,,,
0.0001,1819,,,,,,,,,
0.0001,1819,,,,,,,,,
0.0001,1819,,,,,,,,,
0.0001,1819,,,,,,,,,
0.0001,1819,,,,,,,,,
0.0001,1819,,,,,,,,,
0.0001,1819,,,,,,,,,
,1819,0.6719765067100525,0.625,0.6719765067100525,5,,,,,
0.0001,1829,,,,,,,,,
0.0001,1829,,,,,,,,,
0.0001,1829,,,,,,,,,
0.0001,1829,,,,,,,,,
0.0001,1829,,,,,,,,,
0.0001,1829,,,,,,,,,
0.0001,1829,,,,,,,,,
0.0001,1829,,,,,,,,,
0.0001,1829,,,,,,,,,
0.0001,1829,,,,,,,,,
0.0001,1829,,,,,,,,,
0.0001,1829,,,,,,,,,
0.0001,1829,,,,,,,,,
0.0001,1829,,,,,,,,,
0.0001,1829,,,,,,,,,
0.0001,1829,,,,,,,,,
,1829,0.6933037042617798,0.5,0.6933037042617798,5,,,,,
0.0001,1839,,,,,,,,,
0.0001,1839,,,,,,,,,
0.0001,1839,,,,,,,,,
0.0001,1839,,,,,,,,,
0.0001,1839,,,,,,,,,
0.0001,1839,,,,,,,,,
0.0001,1839,,,,,,,,,
0.0001,1839,,,,,,,,,
0.0001,1839,,,,,,,,,
0.0001,1839,,,,,,,,,
0.0001,1839,,,,,,,,,
0.0001,1839,,,,,,,,,
0.0001,1839,,,,,,,,,
0.0001,1839,,,,,,,,,
0.0001,1839,,,,,,,,,
0.0001,1839,,,,,,,,,
,1839,0.6884104013442993,0.5625,0.6884104013442993,5,,,,,
0.0001,1849,,,,,,,,,
0.0001,1849,,,,,,,,,
0.0001,1849,,,,,,,,,
0.0001,1849,,,,,,,,,
0.0001,1849,,,,,,,,,
0.0001,1849,,,,,,,,,
0.0001,1849,,,,,,,,,
0.0001,1849,,,,,,,,,
0.0001,1849,,,,,,,,,
0.0001,1849,,,,,,,,,
0.0001,1849,,,,,,,,,
0.0001,1849,,,,,,,,,
0.0001,1849,,,,,,,,,
0.0001,1849,,,,,,,,,
0.0001,1849,,,,,,,,,
0.0001,1849,,,,,,,,,
,1849,0.7139564752578735,0.3125,0.7139564752578735,5,,,,,
0.0001,1859,,,,,,,,,
0.0001,1859,,,,,,,,,
0.0001,1859,,,,,,,,,
0.0001,1859,,,,,,,,,
0.0001,1859,,,,,,,,,
0.0001,1859,,,,,,,,,
0.0001,1859,,,,,,,,,
0.0001,1859,,,,,,,,,
0.0001,1859,,,,,,,,,
0.0001,1859,,,,,,,,,
0.0001,1859,,,,,,,,,
0.0001,1859,,,,,,,,,
0.0001,1859,,,,,,,,,
0.0001,1859,,,,,,,,,
0.0001,1859,,,,,,,,,
0.0001,1859,,,,,,,,,
,1859,0.7013635039329529,0.25,0.7013635039329529,5,,,,,
0.0001,1869,,,,,,,,,
0.0001,1869,,,,,,,,,
0.0001,1869,,,,,,,,,
0.0001,1869,,,,,,,,,
0.0001,1869,,,,,,,,,
0.0001,1869,,,,,,,,,
0.0001,1869,,,,,,,,,
0.0001,1869,,,,,,,,,
0.0001,1869,,,,,,,,,
0.0001,1869,,,,,,,,,
0.0001,1869,,,,,,,,,
0.0001,1869,,,,,,,,,
0.0001,1869,,,,,,,,,
0.0001,1869,,,,,,,,,
0.0001,1869,,,,,,,,,
0.0001,1869,,,,,,,,,
,1869,0.6896594762802124,0.5625,0.6896594762802124,5,,,,,
0.0001,1879,,,,,,,,,
0.0001,1879,,,,,,,,,
0.0001,1879,,,,,,,,,
0.0001,1879,,,,,,,,,
0.0001,1879,,,,,,,,,
0.0001,1879,,,,,,,,,
0.0001,1879,,,,,,,,,
0.0001,1879,,,,,,,,,
0.0001,1879,,,,,,,,,
0.0001,1879,,,,,,,,,
0.0001,1879,,,,,,,,,
0.0001,1879,,,,,,,,,
0.0001,1879,,,,,,,,,
0.0001,1879,,,,,,,,,
0.0001,1879,,,,,,,,,
0.0001,1879,,,,,,,,,
,1879,0.6928375959396362,0.75,0.6928375959396362,5,,,,,
0.0001,1889,,,,,,,,,
0.0001,1889,,,,,,,,,
0.0001,1889,,,,,,,,,
0.0001,1889,,,,,,,,,
0.0001,1889,,,,,,,,,
0.0001,1889,,,,,,,,,
0.0001,1889,,,,,,,,,
0.0001,1889,,,,,,,,,
0.0001,1889,,,,,,,,,
0.0001,1889,,,,,,,,,
0.0001,1889,,,,,,,,,
0.0001,1889,,,,,,,,,
0.0001,1889,,,,,,,,,
0.0001,1889,,,,,,,,,
0.0001,1889,,,,,,,,,
0.0001,1889,,,,,,,,,
,1889,0.6999290585517883,0.4375,0.6999290585517883,5,,,,,
0.0001,1899,,,,,,,,,
0.0001,1899,,,,,,,,,
0.0001,1899,,,,,,,,,
0.0001,1899,,,,,,,,,
0.0001,1899,,,,,,,,,
0.0001,1899,,,,,,,,,
0.0001,1899,,,,,,,,,
0.0001,1899,,,,,,,,,
0.0001,1899,,,,,,,,,
0.0001,1899,,,,,,,,,
0.0001,1899,,,,,,,,,
0.0001,1899,,,,,,,,,
0.0001,1899,,,,,,,,,
0.0001,1899,,,,,,,,,
0.0001,1899,,,,,,,,,
0.0001,1899,,,,,,,,,
,1899,0.6943496465682983,0.4375,0.6943496465682983,5,,,,,
0.0001,1909,,,,,,,,,
0.0001,1909,,,,,,,,,
0.0001,1909,,,,,,,,,
0.0001,1909,,,,,,,,,
0.0001,1909,,,,,,,,,
0.0001,1909,,,,,,,,,
0.0001,1909,,,,,,,,,
0.0001,1909,,,,,,,,,
0.0001,1909,,,,,,,,,
0.0001,1909,,,,,,,,,
0.0001,1909,,,,,,,,,
0.0001,1909,,,,,,,,,
0.0001,1909,,,,,,,,,
0.0001,1909,,,,,,,,,
0.0001,1909,,,,,,,,,
0.0001,1909,,,,,,,,,
,1909,0.6950832605361938,0.5,0.6950832605361938,5,,,,,
0.0001,1919,,,,,,,,,
0.0001,1919,,,,,,,,,
0.0001,1919,,,,,,,,,
0.0001,1919,,,,,,,,,
0.0001,1919,,,,,,,,,
0.0001,1919,,,,,,,,,
0.0001,1919,,,,,,,,,
0.0001,1919,,,,,,,,,
0.0001,1919,,,,,,,,,
0.0001,1919,,,,,,,,,
0.0001,1919,,,,,,,,,
0.0001,1919,,,,,,,,,
0.0001,1919,,,,,,,,,
0.0001,1919,,,,,,,,,
0.0001,1919,,,,,,,,,
0.0001,1919,,,,,,,,,
,1919,0.6932426691055298,0.5,0.6932426691055298,5,,,,,
0.0001,1929,,,,,,,,,
0.0001,1929,,,,,,,,,
0.0001,1929,,,,,,,,,
0.0001,1929,,,,,,,,,
0.0001,1929,,,,,,,,,
0.0001,1929,,,,,,,,,
0.0001,1929,,,,,,,,,
0.0001,1929,,,,,,,,,
0.0001,1929,,,,,,,,,
0.0001,1929,,,,,,,,,
0.0001,1929,,,,,,,,,
0.0001,1929,,,,,,,,,
0.0001,1929,,,,,,,,,
0.0001,1929,,,,,,,,,
0.0001,1929,,,,,,,,,
0.0001,1929,,,,,,,,,
,1929,0.6953883767127991,0.5,0.6953883767127991,5,,,,,
0.0001,1939,,,,,,,,,
0.0001,1939,,,,,,,,,
0.0001,1939,,,,,,,,,
0.0001,1939,,,,,,,,,
0.0001,1939,,,,,,,,,
0.0001,1939,,,,,,,,,
0.0001,1939,,,,,,,,,
0.0001,1939,,,,,,,,,
0.0001,1939,,,,,,,,,
0.0001,1939,,,,,,,,,
0.0001,1939,,,,,,,,,
0.0001,1939,,,,,,,,,
0.0001,1939,,,,,,,,,
0.0001,1939,,,,,,,,,
0.0001,1939,,,,,,,,,
0.0001,1939,,,,,,,,,
,1939,0.6947205662727356,0.5,0.6947205662727356,5,,,,,
0.0001,1949,,,,,,,,,
0.0001,1949,,,,,,,,,
0.0001,1949,,,,,,,,,
0.0001,1949,,,,,,,,,
0.0001,1949,,,,,,,,,
0.0001,1949,,,,,,,,,
0.0001,1949,,,,,,,,,
0.0001,1949,,,,,,,,,
0.0001,1949,,,,,,,,,
0.0001,1949,,,,,,,,,
0.0001,1949,,,,,,,,,
0.0001,1949,,,,,,,,,
0.0001,1949,,,,,,,,,
0.0001,1949,,,,,,,,,
0.0001,1949,,,,,,,,,
0.0001,1949,,,,,,,,,
,1949,0.721686065196991,0.25,0.721686065196991,5,,,,,
0.0001,1959,,,,,,,,,
0.0001,1959,,,,,,,,,
0.0001,1959,,,,,,,,,
0.0001,1959,,,,,,,,,
0.0001,1959,,,,,,,,,
0.0001,1959,,,,,,,,,
0.0001,1959,,,,,,,,,
0.0001,1959,,,,,,,,,
0.0001,1959,,,,,,,,,
0.0001,1959,,,,,,,,,
0.0001,1959,,,,,,,,,
0.0001,1959,,,,,,,,,
0.0001,1959,,,,,,,,,
0.0001,1959,,,,,,,,,
0.0001,1959,,,,,,,,,
0.0001,1959,,,,,,,,,
,1959,0.6938994526863098,0.5,0.6938994526863098,5,,,,,
0.0001,1969,,,,,,,,,
0.0001,1969,,,,,,,,,
0.0001,1969,,,,,,,,,
0.0001,1969,,,,,,,,,
0.0001,1969,,,,,,,,,
0.0001,1969,,,,,,,,,
0.0001,1969,,,,,,,,,
0.0001,1969,,,,,,,,,
0.0001,1969,,,,,,,,,
0.0001,1969,,,,,,,,,
0.0001,1969,,,,,,,,,
0.0001,1969,,,,,,,,,
0.0001,1969,,,,,,,,,
0.0001,1969,,,,,,,,,
0.0001,1969,,,,,,,,,
0.0001,1969,,,,,,,,,
,1969,0.6974506378173828,0.3125,0.6974506378173828,5,,,,,
0.0001,1979,,,,,,,,,
0.0001,1979,,,,,,,,,
0.0001,1979,,,,,,,,,
0.0001,1979,,,,,,,,,
0.0001,1979,,,,,,,,,
0.0001,1979,,,,,,,,,
0.0001,1979,,,,,,,,,
0.0001,1979,,,,,,,,,
0.0001,1979,,,,,,,,,
0.0001,1979,,,,,,,,,
0.0001,1979,,,,,,,,,
0.0001,1979,,,,,,,,,
0.0001,1979,,,,,,,,,
0.0001,1979,,,,,,,,,
0.0001,1979,,,,,,,,,
0.0001,1979,,,,,,,,,
,1979,0.7027684450149536,0.375,0.7027684450149536,5,,,,,
0.0001,1989,,,,,,,,,
0.0001,1989,,,,,,,,,
0.0001,1989,,,,,,,,,
0.0001,1989,,,,,,,,,
0.0001,1989,,,,,,,,,
0.0001,1989,,,,,,,,,
0.0001,1989,,,,,,,,,
0.0001,1989,,,,,,,,,
0.0001,1989,,,,,,,,,
0.0001,1989,,,,,,,,,
0.0001,1989,,,,,,,,,
0.0001,1989,,,,,,,,,
0.0001,1989,,,,,,,,,
0.0001,1989,,,,,,,,,
0.0001,1989,,,,,,,,,
0.0001,1989,,,,,,,,,
,1989,0.6930649876594543,0.625,0.6930649876594543,5,,,,,
0.0001,1999,,,,,,,,,
0.0001,1999,,,,,,,,,
0.0001,1999,,,,,,,,,
0.0001,1999,,,,,,,,,
0.0001,1999,,,,,,,,,
0.0001,1999,,,,,,,,,
0.0001,1999,,,,,,,,,
0.0001,1999,,,,,,,,,
0.0001,1999,,,,,,,,,
0.0001,1999,,,,,,,,,
0.0001,1999,,,,,,,,,
0.0001,1999,,,,,,,,,
0.0001,1999,,,,,,,,,
0.0001,1999,,,,,,,,,
0.0001,1999,,,,,,,,,
0.0001,1999,,,,,,,,,
,1999,0.689527690410614,0.5625,0.689527690410614,5,,,,,
0.0001,2009,,,,,,,,,
0.0001,2009,,,,,,,,,
0.0001,2009,,,,,,,,,
0.0001,2009,,,,,,,,,
0.0001,2009,,,,,,,,,
0.0001,2009,,,,,,,,,
0.0001,2009,,,,,,,,,
0.0001,2009,,,,,,,,,
0.0001,2009,,,,,,,,,
0.0001,2009,,,,,,,,,
0.0001,2009,,,,,,,,,
0.0001,2009,,,,,,,,,
0.0001,2009,,,,,,,,,
0.0001,2009,,,,,,,,,
0.0001,2009,,,,,,,,,
0.0001,2009,,,,,,,,,
,2009,0.6961021423339844,0.4375,0.6961021423339844,5,,,,,
0.0001,2019,,,,,,,,,
0.0001,2019,,,,,,,,,
0.0001,2019,,,,,,,,,
0.0001,2019,,,,,,,,,
0.0001,2019,,,,,,,,,
0.0001,2019,,,,,,,,,
0.0001,2019,,,,,,,,,
0.0001,2019,,,,,,,,,
0.0001,2019,,,,,,,,,
0.0001,2019,,,,,,,,,
0.0001,2019,,,,,,,,,
0.0001,2019,,,,,,,,,
0.0001,2019,,,,,,,,,
0.0001,2019,,,,,,,,,
0.0001,2019,,,,,,,,,
0.0001,2019,,,,,,,,,
,2019,0.6899762153625488,0.75,0.6899762153625488,5,,,,,
,2027,,,nan,5,nan,nan,,,
,2027,,,,5,,,0.5009088516235352,0.6939843893051147,0.5009088516235352
0.0001,2029,,,,,,,,,
0.0001,2029,,,,,,,,,
0.0001,2029,,,,,,,,,
0.0001,2029,,,,,,,,,
0.0001,2029,,,,,,,,,
0.0001,2029,,,,,,,,,
0.0001,2029,,,,,,,,,
0.0001,2029,,,,,,,,,
0.0001,2029,,,,,,,,,
0.0001,2029,,,,,,,,,
0.0001,2029,,,,,,,,,
0.0001,2029,,,,,,,,,
0.0001,2029,,,,,,,,,
0.0001,2029,,,,,,,,,
0.0001,2029,,,,,,,,,
0.0001,2029,,,,,,,,,
,2029,0.6918915510177612,0.6875,0.6918915510177612,6,,,,,
0.0001,2039,,,,,,,,,
0.0001,2039,,,,,,,,,
0.0001,2039,,,,,,,,,
0.0001,2039,,,,,,,,,
0.0001,2039,,,,,,,,,
0.0001,2039,,,,,,,,,
0.0001,2039,,,,,,,,,
0.0001,2039,,,,,,,,,
0.0001,2039,,,,,,,,,
0.0001,2039,,,,,,,,,
0.0001,2039,,,,,,,,,
0.0001,2039,,,,,,,,,
0.0001,2039,,,,,,,,,
0.0001,2039,,,,,,,,,
0.0001,2039,,,,,,,,,
0.0001,2039,,,,,,,,,
,2039,0.7006091475486755,0.4375,0.7006091475486755,6,,,,,
0.0001,2049,,,,,,,,,
0.0001,2049,,,,,,,,,
0.0001,2049,,,,,,,,,
0.0001,2049,,,,,,,,,
0.0001,2049,,,,,,,,,
0.0001,2049,,,,,,,,,
0.0001,2049,,,,,,,,,
0.0001,2049,,,,,,,,,
0.0001,2049,,,,,,,,,
0.0001,2049,,,,,,,,,
0.0001,2049,,,,,,,,,
0.0001,2049,,,,,,,,,
0.0001,2049,,,,,,,,,
0.0001,2049,,,,,,,,,
0.0001,2049,,,,,,,,,
0.0001,2049,,,,,,,,,
,2049,0.6980363726615906,0.4375,0.6980363726615906,6,,,,,
0.0001,2059,,,,,,,,,
0.0001,2059,,,,,,,,,
0.0001,2059,,,,,,,,,
0.0001,2059,,,,,,,,,
0.0001,2059,,,,,,,,,
0.0001,2059,,,,,,,,,
0.0001,2059,,,,,,,,,
0.0001,2059,,,,,,,,,
0.0001,2059,,,,,,,,,
0.0001,2059,,,,,,,,,
0.0001,2059,,,,,,,,,
0.0001,2059,,,,,,,,,
0.0001,2059,,,,,,,,,
0.0001,2059,,,,,,,,,
0.0001,2059,,,,,,,,,
0.0001,2059,,,,,,,,,
,2059,0.7036580443382263,0.375,0.7036580443382263,6,,,,,
0.0001,2069,,,,,,,,,
0.0001,2069,,,,,,,,,
0.0001,2069,,,,,,,,,
0.0001,2069,,,,,,,,,
0.0001,2069,,,,,,,,,
0.0001,2069,,,,,,,,,
0.0001,2069,,,,,,,,,
0.0001,2069,,,,,,,,,
0.0001,2069,,,,,,,,,
0.0001,2069,,,,,,,,,
0.0001,2069,,,,,,,,,
0.0001,2069,,,,,,,,,
0.0001,2069,,,,,,,,,
0.0001,2069,,,,,,,,,
0.0001,2069,,,,,,,,,
0.0001,2069,,,,,,,,,
,2069,0.6763795614242554,0.625,0.6763795614242554,6,,,,,
0.0001,2079,,,,,,,,,
0.0001,2079,,,,,,,,,
0.0001,2079,,,,,,,,,
0.0001,2079,,,,,,,,,
0.0001,2079,,,,,,,,,
0.0001,2079,,,,,,,,,
0.0001,2079,,,,,,,,,
0.0001,2079,,,,,,,,,
0.0001,2079,,,,,,,,,
0.0001,2079,,,,,,,,,
0.0001,2079,,,,,,,,,
0.0001,2079,,,,,,,,,
0.0001,2079,,,,,,,,,
0.0001,2079,,,,,,,,,
0.0001,2079,,,,,,,,,
0.0001,2079,,,,,,,,,
,2079,0.6931469440460205,0.5,0.6931469440460205,6,,,,,
0.0001,2089,,,,,,,,,
0.0001,2089,,,,,,,,,
0.0001,2089,,,,,,,,,
0.0001,2089,,,,,,,,,
0.0001,2089,,,,,,,,,
0.0001,2089,,,,,,,,,
0.0001,2089,,,,,,,,,
0.0001,2089,,,,,,,,,
0.0001,2089,,,,,,,,,
0.0001,2089,,,,,,,,,
0.0001,2089,,,,,,,,,
0.0001,2089,,,,,,,,,
0.0001,2089,,,,,,,,,
0.0001,2089,,,,,,,,,
0.0001,2089,,,,,,,,,
0.0001,2089,,,,,,,,,
,2089,0.7103112936019897,0.375,0.7103112936019897,6,,,,,
0.0001,2099,,,,,,,,,
0.0001,2099,,,,,,,,,
0.0001,2099,,,,,,,,,
0.0001,2099,,,,,,,,,
0.0001,2099,,,,,,,,,
0.0001,2099,,,,,,,,,
0.0001,2099,,,,,,,,,
0.0001,2099,,,,,,,,,
0.0001,2099,,,,,,,,,
0.0001,2099,,,,,,,,,
0.0001,2099,,,,,,,,,
0.0001,2099,,,,,,,,,
0.0001,2099,,,,,,,,,
0.0001,2099,,,,,,,,,
0.0001,2099,,,,,,,,,
0.0001,2099,,,,,,,,,
,2099,0.6901692748069763,0.6875,0.6901692748069763,6,,,,,
0.0001,2109,,,,,,,,,
0.0001,2109,,,,,,,,,
0.0001,2109,,,,,,,,,
0.0001,2109,,,,,,,,,
0.0001,2109,,,,,,,,,
0.0001,2109,,,,,,,,,
0.0001,2109,,,,,,,,,
0.0001,2109,,,,,,,,,
0.0001,2109,,,,,,,,,
0.0001,2109,,,,,,,,,
0.0001,2109,,,,,,,,,
0.0001,2109,,,,,,,,,
0.0001,2109,,,,,,,,,
0.0001,2109,,,,,,,,,
0.0001,2109,,,,,,,,,
0.0001,2109,,,,,,,,,
,2109,0.6974725127220154,0.375,0.6974725127220154,6,,,,,
0.0001,2119,,,,,,,,,
0.0001,2119,,,,,,,,,
0.0001,2119,,,,,,,,,
0.0001,2119,,,,,,,,,
0.0001,2119,,,,,,,,,
0.0001,2119,,,,,,,,,
0.0001,2119,,,,,,,,,
0.0001,2119,,,,,,,,,
0.0001,2119,,,,,,,,,
0.0001,2119,,,,,,,,,
0.0001,2119,,,,,,,,,
0.0001,2119,,,,,,,,,
0.0001,2119,,,,,,,,,
0.0001,2119,,,,,,,,,
0.0001,2119,,,,,,,,,
0.0001,2119,,,,,,,,,
,2119,0.6905220150947571,0.5625,0.6905220150947571,6,,,,,
0.0001,2129,,,,,,,,,
0.0001,2129,,,,,,,,,
0.0001,2129,,,,,,,,,
0.0001,2129,,,,,,,,,
0.0001,2129,,,,,,,,,
0.0001,2129,,,,,,,,,
0.0001,2129,,,,,,,,,
0.0001,2129,,,,,,,,,
0.0001,2129,,,,,,,,,
0.0001,2129,,,,,,,,,
0.0001,2129,,,,,,,,,
0.0001,2129,,,,,,,,,
0.0001,2129,,,,,,,,,
0.0001,2129,,,,,,,,,
0.0001,2129,,,,,,,,,
0.0001,2129,,,,,,,,,
,2129,0.6951792240142822,0.4375,0.6951792240142822,6,,,,,
0.0001,2139,,,,,,,,,
0.0001,2139,,,,,,,,,
0.0001,2139,,,,,,,,,
0.0001,2139,,,,,,,,,
0.0001,2139,,,,,,,,,
0.0001,2139,,,,,,,,,
0.0001,2139,,,,,,,,,
0.0001,2139,,,,,,,,,
0.0001,2139,,,,,,,,,
0.0001,2139,,,,,,,,,
0.0001,2139,,,,,,,,,
0.0001,2139,,,,,,,,,
0.0001,2139,,,,,,,,,
0.0001,2139,,,,,,,,,
0.0001,2139,,,,,,,,,
0.0001,2139,,,,,,,,,
,2139,0.6937605142593384,0.4375,0.6937605142593384,6,,,,,
0.0001,2149,,,,,,,,,
0.0001,2149,,,,,,,,,
0.0001,2149,,,,,,,,,
0.0001,2149,,,,,,,,,
0.0001,2149,,,,,,,,,
0.0001,2149,,,,,,,,,
0.0001,2149,,,,,,,,,
0.0001,2149,,,,,,,,,
0.0001,2149,,,,,,,,,
0.0001,2149,,,,,,,,,
0.0001,2149,,,,,,,,,
0.0001,2149,,,,,,,,,
0.0001,2149,,,,,,,,,
0.0001,2149,,,,,,,,,
0.0001,2149,,,,,,,,,
0.0001,2149,,,,,,,,,
,2149,0.6836562156677246,0.6875,0.6836562156677246,6,,,,,
0.0001,2159,,,,,,,,,
0.0001,2159,,,,,,,,,
0.0001,2159,,,,,,,,,
0.0001,2159,,,,,,,,,
0.0001,2159,,,,,,,,,
0.0001,2159,,,,,,,,,
0.0001,2159,,,,,,,,,
0.0001,2159,,,,,,,,,
0.0001,2159,,,,,,,,,
0.0001,2159,,,,,,,,,
0.0001,2159,,,,,,,,,
0.0001,2159,,,,,,,,,
0.0001,2159,,,,,,,,,
0.0001,2159,,,,,,,,,
0.0001,2159,,,,,,,,,
0.0001,2159,,,,,,,,,
,2159,0.6869776844978333,0.5625,0.6869776844978333,6,,,,,
0.0001,2169,,,,,,,,,
0.0001,2169,,,,,,,,,
0.0001,2169,,,,,,,,,
0.0001,2169,,,,,,,,,
0.0001,2169,,,,,,,,,
0.0001,2169,,,,,,,,,
0.0001,2169,,,,,,,,,
0.0001,2169,,,,,,,,,
0.0001,2169,,,,,,,,,
0.0001,2169,,,,,,,,,
0.0001,2169,,,,,,,,,
0.0001,2169,,,,,,,,,
0.0001,2169,,,,,,,,,
0.0001,2169,,,,,,,,,
0.0001,2169,,,,,,,,,
0.0001,2169,,,,,,,,,
,2169,0.692562997341156,0.625,0.692562997341156,6,,,,,
0.0001,2179,,,,,,,,,
0.0001,2179,,,,,,,,,
0.0001,2179,,,,,,,,,
0.0001,2179,,,,,,,,,
0.0001,2179,,,,,,,,,
0.0001,2179,,,,,,,,,
0.0001,2179,,,,,,,,,
0.0001,2179,,,,,,,,,
0.0001,2179,,,,,,,,,
0.0001,2179,,,,,,,,,
0.0001,2179,,,,,,,,,
0.0001,2179,,,,,,,,,
0.0001,2179,,,,,,,,,
0.0001,2179,,,,,,,,,
0.0001,2179,,,,,,,,,
0.0001,2179,,,,,,,,,
,2179,0.693173348903656,0.5,0.693173348903656,6,,,,,
0.0001,2189,,,,,,,,,
0.0001,2189,,,,,,,,,
0.0001,2189,,,,,,,,,
0.0001,2189,,,,,,,,,
0.0001,2189,,,,,,,,,
0.0001,2189,,,,,,,,,
0.0001,2189,,,,,,,,,
0.0001,2189,,,,,,,,,
0.0001,2189,,,,,,,,,
0.0001,2189,,,,,,,,,
0.0001,2189,,,,,,,,,
0.0001,2189,,,,,,,,,
0.0001,2189,,,,,,,,,
0.0001,2189,,,,,,,,,
0.0001,2189,,,,,,,,,
0.0001,2189,,,,,,,,,
,2189,0.7062094211578369,0.3125,0.7062094211578369,6,,,,,
0.0001,2199,,,,,,,,,
0.0001,2199,,,,,,,,,
0.0001,2199,,,,,,,,,
0.0001,2199,,,,,,,,,
0.0001,2199,,,,,,,,,
0.0001,2199,,,,,,,,,
0.0001,2199,,,,,,,,,
0.0001,2199,,,,,,,,,
0.0001,2199,,,,,,,,,
0.0001,2199,,,,,,,,,
0.0001,2199,,,,,,,,,
0.0001,2199,,,,,,,,,
0.0001,2199,,,,,,,,,
0.0001,2199,,,,,,,,,
0.0001,2199,,,,,,,,,
0.0001,2199,,,,,,,,,
,2199,0.7082523107528687,0.375,0.7082523107528687,6,,,,,
0.0001,2209,,,,,,,,,
0.0001,2209,,,,,,,,,
0.0001,2209,,,,,,,,,
0.0001,2209,,,,,,,,,
0.0001,2209,,,,,,,,,
0.0001,2209,,,,,,,,,
0.0001,2209,,,,,,,,,
0.0001,2209,,,,,,,,,
0.0001,2209,,,,,,,,,
0.0001,2209,,,,,,,,,
0.0001,2209,,,,,,,,,
0.0001,2209,,,,,,,,,
0.0001,2209,,,,,,,,,
0.0001,2209,,,,,,,,,
0.0001,2209,,,,,,,,,
0.0001,2209,,,,,,,,,
,2209,0.6948587894439697,0.5,0.6948587894439697,6,,,,,
0.0001,2219,,,,,,,,,
0.0001,2219,,,,,,,,,
0.0001,2219,,,,,,,,,
0.0001,2219,,,,,,,,,
0.0001,2219,,,,,,,,,
0.0001,2219,,,,,,,,,
0.0001,2219,,,,,,,,,
0.0001,2219,,,,,,,,,
0.0001,2219,,,,,,,,,
0.0001,2219,,,,,,,,,
0.0001,2219,,,,,,,,,
0.0001,2219,,,,,,,,,
0.0001,2219,,,,,,,,,
0.0001,2219,,,,,,,,,
0.0001,2219,,,,,,,,,
0.0001,2219,,,,,,,,,
,2219,0.6939002275466919,0.5,0.6939002275466919,6,,,,,
0.0001,2229,,,,,,,,,
0.0001,2229,,,,,,,,,
0.0001,2229,,,,,,,,,
0.0001,2229,,,,,,,,,
0.0001,2229,,,,,,,,,
0.0001,2229,,,,,,,,,
0.0001,2229,,,,,,,,,
0.0001,2229,,,,,,,,,
0.0001,2229,,,,,,,,,
0.0001,2229,,,,,,,,,
0.0001,2229,,,,,,,,,
0.0001,2229,,,,,,,,,
0.0001,2229,,,,,,,,,
0.0001,2229,,,,,,,,,
0.0001,2229,,,,,,,,,
0.0001,2229,,,,,,,,,
,2229,0.693953275680542,0.3125,0.693953275680542,6,,,,,
0.0001,2239,,,,,,,,,
0.0001,2239,,,,,,,,,
0.0001,2239,,,,,,,,,
0.0001,2239,,,,,,,,,
0.0001,2239,,,,,,,,,
0.0001,2239,,,,,,,,,
0.0001,2239,,,,,,,,,
0.0001,2239,,,,,,,,,
0.0001,2239,,,,,,,,,
0.0001,2239,,,,,,,,,
0.0001,2239,,,,,,,,,
0.0001,2239,,,,,,,,,
0.0001,2239,,,,,,,,,
0.0001,2239,,,,,,,,,
0.0001,2239,,,,,,,,,
0.0001,2239,,,,,,,,,
,2239,0.6978564858436584,0.4375,0.6978564858436584,6,,,,,
0.0001,2249,,,,,,,,,
0.0001,2249,,,,,,,,,
0.0001,2249,,,,,,,,,
0.0001,2249,,,,,,,,,
0.0001,2249,,,,,,,,,
0.0001,2249,,,,,,,,,
0.0001,2249,,,,,,,,,
0.0001,2249,,,,,,,,,
0.0001,2249,,,,,,,,,
0.0001,2249,,,,,,,,,
0.0001,2249,,,,,,,,,
0.0001,2249,,,,,,,,,
0.0001,2249,,,,,,,,,
0.0001,2249,,,,,,,,,
0.0001,2249,,,,,,,,,
0.0001,2249,,,,,,,,,
,2249,0.6951191425323486,0.4375,0.6951191425323486,6,,,,,
0.0001,2259,,,,,,,,,
0.0001,2259,,,,,,,,,
0.0001,2259,,,,,,,,,
0.0001,2259,,,,,,,,,
0.0001,2259,,,,,,,,,
0.0001,2259,,,,,,,,,
0.0001,2259,,,,,,,,,
0.0001,2259,,,,,,,,,
0.0001,2259,,,,,,,,,
0.0001,2259,,,,,,,,,
0.0001,2259,,,,,,,,,
0.0001,2259,,,,,,,,,
0.0001,2259,,,,,,,,,
0.0001,2259,,,,,,,,,
0.0001,2259,,,,,,,,,
0.0001,2259,,,,,,,,,
,2259,0.6784241795539856,0.625,0.6784241795539856,6,,,,,
0.0001,2269,,,,,,,,,
0.0001,2269,,,,,,,,,
0.0001,2269,,,,,,,,,
0.0001,2269,,,,,,,,,
0.0001,2269,,,,,,,,,
0.0001,2269,,,,,,,,,
0.0001,2269,,,,,,,,,
0.0001,2269,,,,,,,,,
0.0001,2269,,,,,,,,,
0.0001,2269,,,,,,,,,
0.0001,2269,,,,,,,,,
0.0001,2269,,,,,,,,,
0.0001,2269,,,,,,,,,
0.0001,2269,,,,,,,,,
0.0001,2269,,,,,,,,,
0.0001,2269,,,,,,,,,
,2269,0.6861357092857361,0.5625,0.6861357092857361,6,,,,,
0.0001,2279,,,,,,,,,
0.0001,2279,,,,,,,,,
0.0001,2279,,,,,,,,,
0.0001,2279,,,,,,,,,
0.0001,2279,,,,,,,,,
0.0001,2279,,,,,,,,,
0.0001,2279,,,,,,,,,
0.0001,2279,,,,,,,,,
0.0001,2279,,,,,,,,,
0.0001,2279,,,,,,,,,
0.0001,2279,,,,,,,,,
0.0001,2279,,,,,,,,,
0.0001,2279,,,,,,,,,
0.0001,2279,,,,,,,,,
0.0001,2279,,,,,,,,,
0.0001,2279,,,,,,,,,
,2279,0.7013579607009888,0.25,0.7013579607009888,6,,,,,
0.0001,2289,,,,,,,,,
0.0001,2289,,,,,,,,,
0.0001,2289,,,,,,,,,
0.0001,2289,,,,,,,,,
0.0001,2289,,,,,,,,,
0.0001,2289,,,,,,,,,
0.0001,2289,,,,,,,,,
0.0001,2289,,,,,,,,,
0.0001,2289,,,,,,,,,
0.0001,2289,,,,,,,,,
0.0001,2289,,,,,,,,,
0.0001,2289,,,,,,,,,
0.0001,2289,,,,,,,,,
0.0001,2289,,,,,,,,,
0.0001,2289,,,,,,,,,
0.0001,2289,,,,,,,,,
,2289,0.6924178600311279,0.5625,0.6924178600311279,6,,,,,
0.0001,2299,,,,,,,,,
0.0001,2299,,,,,,,,,
0.0001,2299,,,,,,,,,
0.0001,2299,,,,,,,,,
0.0001,2299,,,,,,,,,
0.0001,2299,,,,,,,,,
0.0001,2299,,,,,,,,,
0.0001,2299,,,,,,,,,
0.0001,2299,,,,,,,,,
0.0001,2299,,,,,,,,,
0.0001,2299,,,,,,,,,
0.0001,2299,,,,,,,,,
0.0001,2299,,,,,,,,,
0.0001,2299,,,,,,,,,
0.0001,2299,,,,,,,,,
0.0001,2299,,,,,,,,,
,2299,0.6968969702720642,0.4375,0.6968969702720642,6,,,,,
0.0001,2309,,,,,,,,,
0.0001,2309,,,,,,,,,
0.0001,2309,,,,,,,,,
0.0001,2309,,,,,,,,,
0.0001,2309,,,,,,,,,
0.0001,2309,,,,,,,,,
0.0001,2309,,,,,,,,,
0.0001,2309,,,,,,,,,
0.0001,2309,,,,,,,,,
0.0001,2309,,,,,,,,,
0.0001,2309,,,,,,,,,
0.0001,2309,,,,,,,,,
0.0001,2309,,,,,,,,,
0.0001,2309,,,,,,,,,
0.0001,2309,,,,,,,,,
0.0001,2309,,,,,,,,,
,2309,0.6935888528823853,0.4375,0.6935888528823853,6,,,,,
0.0001,2319,,,,,,,,,
0.0001,2319,,,,,,,,,
0.0001,2319,,,,,,,,,
0.0001,2319,,,,,,,,,
0.0001,2319,,,,,,,,,
0.0001,2319,,,,,,,,,
0.0001,2319,,,,,,,,,
0.0001,2319,,,,,,,,,
0.0001,2319,,,,,,,,,
0.0001,2319,,,,,,,,,
0.0001,2319,,,,,,,,,
0.0001,2319,,,,,,,,,
0.0001,2319,,,,,,,,,
0.0001,2319,,,,,,,,,
0.0001,2319,,,,,,,,,
0.0001,2319,,,,,,,,,
,2319,0.7043405771255493,0.375,0.7043405771255493,6,,,,,
0.0001,2329,,,,,,,,,
0.0001,2329,,,,,,,,,
0.0001,2329,,,,,,,,,
0.0001,2329,,,,,,,,,
0.0001,2329,,,,,,,,,
0.0001,2329,,,,,,,,,
0.0001,2329,,,,,,,,,
0.0001,2329,,,,,,,,,
0.0001,2329,,,,,,,,,
0.0001,2329,,,,,,,,,
0.0001,2329,,,,,,,,,
0.0001,2329,,,,,,,,,
0.0001,2329,,,,,,,,,
0.0001,2329,,,,,,,,,
0.0001,2329,,,,,,,,,
0.0001,2329,,,,,,,,,
,2329,0.693711519241333,0.5,0.693711519241333,6,,,,,
0.0001,2339,,,,,,,,,
0.0001,2339,,,,,,,,,
0.0001,2339,,,,,,,,,
0.0001,2339,,,,,,,,,
0.0001,2339,,,,,,,,,
0.0001,2339,,,,,,,,,
0.0001,2339,,,,,,,,,
0.0001,2339,,,,,,,,,
0.0001,2339,,,,,,,,,
0.0001,2339,,,,,,,,,
0.0001,2339,,,,,,,,,
0.0001,2339,,,,,,,,,
0.0001,2339,,,,,,,,,
0.0001,2339,,,,,,,,,
0.0001,2339,,,,,,,,,
0.0001,2339,,,,,,,,,
,2339,0.6784879565238953,0.6875,0.6784879565238953,6,,,,,
0.0001,2349,,,,,,,,,
0.0001,2349,,,,,,,,,
0.0001,2349,,,,,,,,,
0.0001,2349,,,,,,,,,
0.0001,2349,,,,,,,,,
0.0001,2349,,,,,,,,,
0.0001,2349,,,,,,,,,
0.0001,2349,,,,,,,,,
0.0001,2349,,,,,,,,,
0.0001,2349,,,,,,,,,
0.0001,2349,,,,,,,,,
0.0001,2349,,,,,,,,,
0.0001,2349,,,,,,,,,
0.0001,2349,,,,,,,,,
0.0001,2349,,,,,,,,,
0.0001,2349,,,,,,,,,
,2349,0.6991693377494812,0.4375,0.6991693377494812,6,,,,,
0.0001,2359,,,,,,,,,
0.0001,2359,,,,,,,,,
0.0001,2359,,,,,,,,,
0.0001,2359,,,,,,,,,
0.0001,2359,,,,,,,,,
0.0001,2359,,,,,,,,,
0.0001,2359,,,,,,,,,
0.0001,2359,,,,,,,,,
0.0001,2359,,,,,,,,,
0.0001,2359,,,,,,,,,
0.0001,2359,,,,,,,,,
0.0001,2359,,,,,,,,,
0.0001,2359,,,,,,,,,
0.0001,2359,,,,,,,,,
0.0001,2359,,,,,,,,,
0.0001,2359,,,,,,,,,
,2359,0.6942294836044312,0.5,0.6942294836044312,6,,,,,
